timestamp, memory.used [MiB], memory.total [MiB], utilization.gpu [%], temperature.gpu, power.draw [W]
2026/05/11 20:09:24.475, 143 MiB, 16303 MiB, 73 %, 44, 27.31 W
2026/05/11 20:09:29.488, 12251 MiB, 16303 MiB, 31 %, 46, 31.30 W
2026/05/11 20:09:34.488, 12253 MiB, 16303 MiB, 2 %, 46, 21.04 W
2026/05/11 20:09:39.488, 12255 MiB, 16303 MiB, 30 %, 46, 25.01 W
2026/05/11 20:09:44.489, 12256 MiB, 16303 MiB, 29 %, 47, 27.95 W
2026/05/11 20:09:49.489, 12256 MiB, 16303 MiB, 30 %, 47, 25.34 W
2026/05/11 20:09:54.490, 12256 MiB, 16303 MiB, 0 %, 47, 19.93 W
2026/05/11 20:09:59.490, 12353 MiB, 16303 MiB, 7 %, 47, 24.95 W
2026/05/11 20:10:04.491, 12355 MiB, 16303 MiB, 0 %, 46, 20.28 W
2026/05/11 20:10:09.491, 12355 MiB, 16303 MiB, 0 %, 47, 20.19 W
2026/05/11 20:10:14.492, 12355 MiB, 16303 MiB, 1 %, 47, 20.41 W
2026/05/11 20:10:19.493, 12355 MiB, 16303 MiB, 5 %, 46, 15.78 W
2026/05/11 20:10:24.493, 12355 MiB, 16303 MiB, 5 %, 47, 22.98 W
2026/05/11 20:10:29.494, 12355 MiB, 16303 MiB, 0 %, 46, 20.06 W
2026/05/11 20:10:34.494, 12355 MiB, 16303 MiB, 1 %, 47, 23.15 W
2026/05/11 20:10:39.495, 12355 MiB, 16303 MiB, 0 %, 47, 20.20 W
2026/05/11 20:10:44.495, 12355 MiB, 16303 MiB, 0 %, 47, 17.06 W
2026/05/11 20:10:49.496, 12355 MiB, 16303 MiB, 5 %, 47, 21.29 W
2026/05/11 20:10:54.496, 12355 MiB, 16303 MiB, 52 %, 48, 30.23 W
2026/05/11 20:10:59.497, 12355 MiB, 16303 MiB, 14 %, 47, 25.37 W
2026/05/11 20:11:04.498, 12355 MiB, 16303 MiB, 9 %, 47, 18.96 W
2026/05/11 20:11:09.498, 12357 MiB, 16303 MiB, 92 %, 52, 64.41 W
2026/05/11 20:11:14.499, 14051 MiB, 16303 MiB, 28 %, 49, 30.97 W
2026/05/11 20:11:19.499, 14051 MiB, 16303 MiB, 0 %, 48, 20.74 W
2026/05/11 20:11:24.500, 14051 MiB, 16303 MiB, 29 %, 49, 28.33 W
2026/05/11 20:11:29.500, 14053 MiB, 16303 MiB, 1 %, 48, 20.84 W
2026/05/11 20:11:34.501, 14053 MiB, 16303 MiB, 81 %, 48, 27.94 W
2026/05/11 20:11:39.501, 14053 MiB, 16303 MiB, 69 %, 48, 28.85 W
2026/05/11 20:11:44.502, 14053 MiB, 16303 MiB, 10 %, 48, 22.28 W
2026/05/11 20:11:49.502, 14053 MiB, 16303 MiB, 23 %, 47, 10.42 W
2026/05/11 20:11:54.504, 14053 MiB, 16303 MiB, 62 %, 48, 29.98 W
2026/05/11 20:11:59.513, 14075 MiB, 16303 MiB, 99 %, 59, 156.30 W
2026/05/11 20:12:04.514, 14075 MiB, 16303 MiB, 99 %, 61, 156.02 W
2026/05/11 20:12:09.514, 14075 MiB, 16303 MiB, 99 %, 64, 156.82 W
2026/05/11 20:12:14.514, 14075 MiB, 16303 MiB, 99 %, 66, 155.45 W
2026/05/11 20:12:19.515, 14075 MiB, 16303 MiB, 99 %, 67, 158.04 W
2026/05/11 20:12:24.515, 14075 MiB, 16303 MiB, 99 %, 69, 158.50 W
2026/05/11 20:12:29.516, 14075 MiB, 16303 MiB, 99 %, 70, 158.68 W
2026/05/11 20:12:34.517, 14075 MiB, 16303 MiB, 99 %, 72, 156.78 W
2026/05/11 20:12:39.517, 14075 MiB, 16303 MiB, 99 %, 73, 155.84 W
2026/05/11 20:12:44.518, 14075 MiB, 16303 MiB, 99 %, 73, 158.49 W
2026/05/11 20:12:49.518, 14075 MiB, 16303 MiB, 99 %, 74, 158.40 W
2026/05/11 20:12:54.519, 14075 MiB, 16303 MiB, 99 %, 75, 159.79 W
2026/05/11 20:12:59.519, 14075 MiB, 16303 MiB, 99 %, 76, 159.10 W
2026/05/11 20:13:04.520, 14075 MiB, 16303 MiB, 99 %, 76, 157.96 W
2026/05/11 20:13:09.520, 14075 MiB, 16303 MiB, 99 %, 77, 158.92 W
2026/05/11 20:13:14.521, 14075 MiB, 16303 MiB, 99 %, 77, 158.53 W
2026/05/11 20:13:19.521, 14075 MiB, 16303 MiB, 99 %, 78, 157.76 W
2026/05/11 20:13:24.522, 14075 MiB, 16303 MiB, 99 %, 78, 158.47 W
2026/05/11 20:13:29.522, 14075 MiB, 16303 MiB, 99 %, 79, 159.07 W
2026/05/11 20:13:34.523, 14075 MiB, 16303 MiB, 99 %, 80, 157.79 W
2026/05/11 20:13:39.523, 14075 MiB, 16303 MiB, 11 %, 73, 35.41 W
2026/05/11 20:13:44.524, 14077 MiB, 16303 MiB, 1 %, 70, 25.07 W
2026/05/11 20:13:49.524, 14077 MiB, 16303 MiB, 9 %, 68, 29.56 W
2026/05/11 20:13:54.525, 14077 MiB, 16303 MiB, 21 %, 67, 36.72 W
2026/05/11 20:13:59.525, 14077 MiB, 16303 MiB, 1 %, 64, 26.19 W
2026/05/11 20:14:04.526, 14077 MiB, 16303 MiB, 5 %, 62, 23.93 W
2026/05/11 20:14:09.526, 14081 MiB, 16303 MiB, 30 %, 61, 23.50 W
2026/05/11 20:14:14.527, 14081 MiB, 16303 MiB, 23 %, 61, 30.82 W
2026/05/11 20:14:19.528, 14081 MiB, 16303 MiB, 0 %, 59, 22.99 W
2026/05/11 20:14:24.528, 14081 MiB, 16303 MiB, 5 %, 58, 22.67 W
2026/05/11 20:14:29.528, 14081 MiB, 16303 MiB, 34 %, 58, 31.93 W
2026/05/11 20:14:34.529, 14081 MiB, 16303 MiB, 10 %, 57, 34.15 W
2026/05/11 20:14:39.529, 14081 MiB, 16303 MiB, 5 %, 56, 21.03 W
2026/05/11 20:14:44.530, 14081 MiB, 16303 MiB, 17 %, 55, 23.27 W
2026/05/11 20:14:49.530, 14081 MiB, 16303 MiB, 76 %, 55, 30.34 W
2026/05/11 20:14:54.531, 14081 MiB, 16303 MiB, 9 %, 55, 31.66 W
2026/05/11 20:14:59.531, 14083 MiB, 16303 MiB, 91 %, 58, 68.39 W
2026/05/11 20:15:04.541, 14085 MiB, 16303 MiB, 99 %, 62, 151.49 W
2026/05/11 20:15:09.544, 14085 MiB, 16303 MiB, 99 %, 66, 155.85 W
2026/05/11 20:15:14.544, 14085 MiB, 16303 MiB, 99 %, 68, 144.94 W
2026/05/11 20:15:19.545, 14085 MiB, 16303 MiB, 99 %, 69, 157.79 W
2026/05/11 20:15:24.545, 14085 MiB, 16303 MiB, 99 %, 71, 159.56 W
2026/05/11 20:15:29.546, 14085 MiB, 16303 MiB, 99 %, 72, 160.30 W
2026/05/11 20:15:34.546, 14085 MiB, 16303 MiB, 99 %, 74, 158.37 W
2026/05/11 20:15:39.547, 14085 MiB, 16303 MiB, 99 %, 75, 153.88 W
2026/05/11 20:15:44.547, 14085 MiB, 16303 MiB, 99 %, 76, 159.26 W
2026/05/11 20:15:49.548, 14085 MiB, 16303 MiB, 99 %, 77, 157.14 W
2026/05/11 20:15:54.548, 14085 MiB, 16303 MiB, 99 %, 78, 160.05 W
2026/05/11 20:15:59.549, 14085 MiB, 16303 MiB, 99 %, 79, 159.12 W
2026/05/11 20:16:04.549, 14085 MiB, 16303 MiB, 97 %, 79, 161.98 W
2026/05/11 20:16:09.550, 14085 MiB, 16303 MiB, 99 %, 80, 158.26 W
2026/05/11 20:16:14.550, 14085 MiB, 16303 MiB, 99 %, 80, 157.82 W
2026/05/11 20:16:19.551, 14085 MiB, 16303 MiB, 99 %, 80, 153.26 W
2026/05/11 20:16:24.551, 14085 MiB, 16303 MiB, 99 %, 81, 159.02 W
2026/05/11 20:16:29.552, 14085 MiB, 16303 MiB, 99 %, 82, 159.01 W
2026/05/11 20:16:34.552, 14085 MiB, 16303 MiB, 99 %, 81, 156.37 W
2026/05/11 20:16:39.553, 14085 MiB, 16303 MiB, 99 %, 81, 159.96 W
2026/05/11 20:16:44.553, 14085 MiB, 16303 MiB, 97 %, 81, 124.62 W
2026/05/11 20:16:49.554, 14087 MiB, 16303 MiB, 32 %, 78, 76.55 W
2026/05/11 20:16:54.554, 14087 MiB, 16303 MiB, 91 %, 76, 73.29 W
2026/05/11 20:16:59.555, 14087 MiB, 16303 MiB, 99 %, 79, 146.34 W
2026/05/11 20:17:04.555, 14087 MiB, 16303 MiB, 99 %, 80, 159.93 W
2026/05/11 20:17:09.556, 14087 MiB, 16303 MiB, 99 %, 81, 159.43 W
2026/05/11 20:17:14.556, 14087 MiB, 16303 MiB, 99 %, 81, 157.81 W
2026/05/11 20:17:19.557, 14087 MiB, 16303 MiB, 99 %, 82, 154.65 W
2026/05/11 20:17:24.557, 14087 MiB, 16303 MiB, 99 %, 81, 158.37 W
2026/05/11 20:17:29.558, 14087 MiB, 16303 MiB, 99 %, 81, 159.56 W
2026/05/11 20:17:34.558, 14087 MiB, 16303 MiB, 98 %, 82, 158.34 W
2026/05/11 20:17:39.559, 14087 MiB, 16303 MiB, 96 %, 82, 157.91 W
2026/05/11 20:17:44.559, 14087 MiB, 16303 MiB, 99 %, 82, 158.85 W
2026/05/11 20:17:49.560, 14087 MiB, 16303 MiB, 99 %, 82, 158.50 W
2026/05/11 20:17:54.560, 14087 MiB, 16303 MiB, 99 %, 82, 159.04 W
2026/05/11 20:17:59.561, 14087 MiB, 16303 MiB, 98 %, 82, 158.75 W
2026/05/11 20:18:04.561, 14087 MiB, 16303 MiB, 99 %, 82, 158.28 W
2026/05/11 20:18:09.562, 14087 MiB, 16303 MiB, 99 %, 82, 157.86 W
2026/05/11 20:18:14.562, 14087 MiB, 16303 MiB, 99 %, 83, 157.87 W
2026/05/11 20:18:19.563, 14087 MiB, 16303 MiB, 99 %, 83, 158.90 W
2026/05/11 20:18:24.563, 14087 MiB, 16303 MiB, 99 %, 83, 166.89 W
2026/05/11 20:18:29.566, 14087 MiB, 16303 MiB, 99 %, 83, 158.69 W
2026/05/11 20:18:34.567, 14087 MiB, 16303 MiB, 99 %, 84, 158.20 W
2026/05/11 20:18:39.567, 14087 MiB, 16303 MiB, 45 %, 79, 92.43 W
2026/05/11 20:18:44.568, 14087 MiB, 16303 MiB, 91 %, 79, 77.28 W
2026/05/11 20:18:49.568, 14087 MiB, 16303 MiB, 99 %, 81, 146.47 W
2026/05/11 20:18:54.569, 14087 MiB, 16303 MiB, 99 %, 82, 158.11 W
2026/05/11 20:18:59.569, 14087 MiB, 16303 MiB, 99 %, 82, 157.28 W
2026/05/11 20:19:04.570, 14087 MiB, 16303 MiB, 99 %, 82, 159.22 W
2026/05/11 20:19:09.570, 14087 MiB, 16303 MiB, 99 %, 82, 152.84 W
2026/05/11 20:19:14.571, 14087 MiB, 16303 MiB, 99 %, 83, 159.02 W
2026/05/11 20:19:19.571, 14087 MiB, 16303 MiB, 99 %, 82, 157.83 W
2026/05/11 20:19:24.572, 14087 MiB, 16303 MiB, 99 %, 83, 158.77 W
2026/05/11 20:19:29.572, 14087 MiB, 16303 MiB, 99 %, 82, 155.00 W
2026/05/11 20:19:34.573, 14087 MiB, 16303 MiB, 99 %, 83, 159.06 W
2026/05/11 20:19:39.573, 14087 MiB, 16303 MiB, 97 %, 83, 158.87 W
2026/05/11 20:19:44.574, 14087 MiB, 16303 MiB, 99 %, 83, 158.34 W
2026/05/11 20:19:49.574, 14087 MiB, 16303 MiB, 99 %, 83, 161.51 W
2026/05/11 20:19:54.575, 14087 MiB, 16303 MiB, 99 %, 83, 158.93 W
2026/05/11 20:19:59.575, 14087 MiB, 16303 MiB, 99 %, 83, 159.06 W
2026/05/11 20:20:04.576, 14087 MiB, 16303 MiB, 96 %, 83, 159.02 W
2026/05/11 20:20:09.576, 14087 MiB, 16303 MiB, 99 %, 84, 159.07 W
2026/05/11 20:20:14.577, 14087 MiB, 16303 MiB, 99 %, 83, 158.93 W
2026/05/11 20:20:19.577, 14087 MiB, 16303 MiB, 99 %, 83, 158.66 W
2026/05/11 20:20:24.578, 14087 MiB, 16303 MiB, 93 %, 80, 79.31 W
2026/05/11 20:20:29.578, 14087 MiB, 16303 MiB, 91 %, 82, 171.54 W
2026/05/11 20:20:34.579, 14087 MiB, 16303 MiB, 99 %, 81, 151.52 W
2026/05/11 20:20:39.579, 14087 MiB, 16303 MiB, 99 %, 82, 158.21 W
2026/05/11 20:20:44.580, 14087 MiB, 16303 MiB, 99 %, 82, 159.14 W
2026/05/11 20:20:49.580, 14087 MiB, 16303 MiB, 99 %, 83, 158.99 W
2026/05/11 20:20:54.581, 14087 MiB, 16303 MiB, 99 %, 83, 155.63 W
2026/05/11 20:20:59.581, 14087 MiB, 16303 MiB, 99 %, 83, 161.36 W
2026/05/11 20:21:04.582, 14087 MiB, 16303 MiB, 99 %, 83, 155.33 W
2026/05/11 20:21:09.582, 14087 MiB, 16303 MiB, 96 %, 83, 159.18 W
2026/05/11 20:21:14.583, 14087 MiB, 16303 MiB, 99 %, 83, 157.34 W
2026/05/11 20:21:19.583, 14087 MiB, 16303 MiB, 99 %, 84, 157.56 W
2026/05/11 20:21:24.584, 14087 MiB, 16303 MiB, 99 %, 83, 157.10 W
2026/05/11 20:21:29.584, 14087 MiB, 16303 MiB, 99 %, 84, 163.51 W
2026/05/11 20:21:34.585, 14087 MiB, 16303 MiB, 98 %, 84, 157.99 W
2026/05/11 20:21:39.585, 14087 MiB, 16303 MiB, 99 %, 84, 159.06 W
2026/05/11 20:21:44.586, 14087 MiB, 16303 MiB, 99 %, 84, 158.82 W
2026/05/11 20:21:49.587, 14087 MiB, 16303 MiB, 99 %, 84, 159.22 W
2026/05/11 20:21:54.587, 14087 MiB, 16303 MiB, 99 %, 84, 158.71 W
2026/05/11 20:21:59.588, 14087 MiB, 16303 MiB, 96 %, 84, 159.24 W
2026/05/11 20:22:04.588, 14087 MiB, 16303 MiB, 99 %, 84, 159.53 W
2026/05/11 20:22:09.589, 14087 MiB, 16303 MiB, 93 %, 80, 78.77 W
2026/05/11 20:22:14.589, 14087 MiB, 16303 MiB, 98 %, 81, 162.36 W
2026/05/11 20:22:19.590, 14087 MiB, 16303 MiB, 99 %, 82, 159.16 W
2026/05/11 20:22:24.590, 14087 MiB, 16303 MiB, 99 %, 83, 158.38 W
2026/05/11 20:22:29.591, 14087 MiB, 16303 MiB, 99 %, 83, 160.23 W
2026/05/11 20:22:34.592, 14087 MiB, 16303 MiB, 99 %, 83, 159.64 W
2026/05/11 20:22:39.601, 14087 MiB, 16303 MiB, 99 %, 83, 158.96 W
2026/05/11 20:22:44.610, 14087 MiB, 16303 MiB, 99 %, 83, 159.06 W
2026/05/11 20:22:49.611, 14087 MiB, 16303 MiB, 99 %, 83, 158.87 W
2026/05/11 20:22:54.611, 14087 MiB, 16303 MiB, 99 %, 83, 158.99 W
2026/05/11 20:22:59.612, 14087 MiB, 16303 MiB, 99 %, 83, 158.76 W
2026/05/11 20:23:04.613, 14087 MiB, 16303 MiB, 99 %, 84, 158.79 W
2026/05/11 20:23:09.613, 14087 MiB, 16303 MiB, 98 %, 84, 157.47 W
2026/05/11 20:23:14.614, 14087 MiB, 16303 MiB, 99 %, 84, 158.33 W
2026/05/11 20:23:19.614, 14087 MiB, 16303 MiB, 99 %, 84, 158.14 W
2026/05/11 20:23:24.623, 14087 MiB, 16303 MiB, 97 %, 84, 159.17 W
2026/05/11 20:23:29.624, 14087 MiB, 16303 MiB, 99 %, 84, 151.14 W
2026/05/11 20:23:34.624, 14087 MiB, 16303 MiB, 99 %, 84, 148.81 W
2026/05/11 20:23:39.625, 14087 MiB, 16303 MiB, 97 %, 84, 159.17 W
2026/05/11 20:23:44.625, 14087 MiB, 16303 MiB, 99 %, 84, 156.92 W
2026/05/11 20:23:49.626, 14087 MiB, 16303 MiB, 99 %, 85, 157.85 W
2026/05/11 20:23:54.626, 14087 MiB, 16303 MiB, 93 %, 80, 79.49 W
2026/05/11 20:23:59.627, 14087 MiB, 16303 MiB, 99 %, 82, 156.35 W
2026/05/11 20:24:04.627, 14087 MiB, 16303 MiB, 99 %, 83, 158.98 W
2026/05/11 20:24:09.629, 14087 MiB, 16303 MiB, 99 %, 83, 156.18 W
2026/05/11 20:24:14.630, 14087 MiB, 16303 MiB, 99 %, 83, 158.66 W
2026/05/11 20:24:19.630, 14087 MiB, 16303 MiB, 99 %, 84, 158.24 W
2026/05/11 20:24:24.631, 14087 MiB, 16303 MiB, 98 %, 83, 159.61 W
2026/05/11 20:24:29.631, 14087 MiB, 16303 MiB, 99 %, 83, 158.46 W
2026/05/11 20:24:34.632, 14087 MiB, 16303 MiB, 99 %, 84, 157.92 W
2026/05/11 20:24:39.632, 14087 MiB, 16303 MiB, 98 %, 84, 159.11 W
2026/05/11 20:24:44.633, 14087 MiB, 16303 MiB, 99 %, 84, 157.94 W
2026/05/11 20:24:49.634, 14087 MiB, 16303 MiB, 99 %, 84, 157.46 W
2026/05/11 20:24:54.634, 14087 MiB, 16303 MiB, 99 %, 84, 158.39 W
2026/05/11 20:24:59.635, 14087 MiB, 16303 MiB, 99 %, 84, 158.76 W
2026/05/11 20:25:04.635, 14087 MiB, 16303 MiB, 99 %, 84, 156.25 W
2026/05/11 20:25:09.636, 14087 MiB, 16303 MiB, 99 %, 84, 157.26 W
2026/05/11 20:25:14.636, 14087 MiB, 16303 MiB, 99 %, 84, 159.09 W
2026/05/11 20:25:19.637, 14087 MiB, 16303 MiB, 99 %, 84, 158.65 W
2026/05/11 20:25:24.637, 14087 MiB, 16303 MiB, 99 %, 84, 148.61 W
2026/05/11 20:25:29.638, 14087 MiB, 16303 MiB, 99 %, 85, 151.23 W
2026/05/11 20:25:34.638, 14087 MiB, 16303 MiB, 98 %, 84, 154.58 W
2026/05/11 20:25:39.639, 14087 MiB, 16303 MiB, 93 %, 81, 79.29 W
2026/05/11 20:25:44.639, 14087 MiB, 16303 MiB, 99 %, 83, 168.41 W
2026/05/11 20:25:49.640, 14087 MiB, 16303 MiB, 99 %, 83, 158.72 W
2026/05/11 20:25:54.640, 14087 MiB, 16303 MiB, 99 %, 83, 158.82 W
2026/05/11 20:25:59.641, 14087 MiB, 16303 MiB, 99 %, 83, 158.58 W
2026/05/11 20:26:04.641, 14087 MiB, 16303 MiB, 99 %, 83, 158.91 W
2026/05/11 20:26:09.651, 14087 MiB, 16303 MiB, 99 %, 83, 155.56 W
2026/05/11 20:26:14.651, 14087 MiB, 16303 MiB, 99 %, 84, 158.54 W
2026/05/11 20:26:19.652, 14087 MiB, 16303 MiB, 98 %, 84, 158.62 W
2026/05/11 20:26:24.652, 14087 MiB, 16303 MiB, 99 %, 84, 158.40 W
2026/05/11 20:26:29.653, 14087 MiB, 16303 MiB, 99 %, 84, 158.18 W
2026/05/11 20:26:34.654, 14087 MiB, 16303 MiB, 98 %, 84, 159.13 W
2026/05/11 20:26:39.654, 14087 MiB, 16303 MiB, 99 %, 84, 159.61 W
2026/05/11 20:26:44.655, 14087 MiB, 16303 MiB, 99 %, 84, 158.69 W
2026/05/11 20:26:49.655, 14087 MiB, 16303 MiB, 99 %, 84, 159.06 W
2026/05/11 20:26:54.656, 14087 MiB, 16303 MiB, 99 %, 84, 158.91 W
2026/05/11 20:26:59.656, 14087 MiB, 16303 MiB, 99 %, 84, 159.03 W
2026/05/11 20:27:04.657, 14087 MiB, 16303 MiB, 99 %, 84, 158.97 W
2026/05/11 20:27:09.657, 14087 MiB, 16303 MiB, 99 %, 85, 158.90 W
2026/05/11 20:27:14.658, 14087 MiB, 16303 MiB, 99 %, 85, 158.70 W
2026/05/11 20:27:19.667, 14087 MiB, 16303 MiB, 99 %, 85, 158.67 W
2026/05/11 20:27:24.668, 14087 MiB, 16303 MiB, 93 %, 80, 79.28 W
2026/05/11 20:27:29.668, 14087 MiB, 16303 MiB, 99 %, 82, 156.64 W
2026/05/11 20:27:34.669, 14087 MiB, 16303 MiB, 99 %, 83, 159.09 W
2026/05/11 20:27:39.669, 14087 MiB, 16303 MiB, 99 %, 83, 158.88 W
2026/05/11 20:27:44.670, 14087 MiB, 16303 MiB, 99 %, 83, 158.88 W
2026/05/11 20:27:49.671, 14087 MiB, 16303 MiB, 99 %, 83, 159.14 W
2026/05/11 20:27:54.671, 14087 MiB, 16303 MiB, 99 %, 84, 158.50 W
2026/05/11 20:27:59.672, 14087 MiB, 16303 MiB, 98 %, 84, 158.82 W
2026/05/11 20:28:04.672, 14087 MiB, 16303 MiB, 99 %, 84, 158.53 W
2026/05/11 20:28:09.673, 14087 MiB, 16303 MiB, 99 %, 84, 158.10 W
2026/05/11 20:28:14.673, 14087 MiB, 16303 MiB, 98 %, 84, 159.08 W
2026/05/11 20:28:19.674, 14087 MiB, 16303 MiB, 99 %, 84, 159.60 W
2026/05/11 20:28:24.675, 14087 MiB, 16303 MiB, 99 %, 84, 158.78 W
2026/05/11 20:28:29.675, 14087 MiB, 16303 MiB, 99 %, 84, 159.21 W
2026/05/11 20:28:34.676, 14087 MiB, 16303 MiB, 99 %, 84, 158.82 W
2026/05/11 20:28:39.676, 14087 MiB, 16303 MiB, 99 %, 85, 158.90 W
2026/05/11 20:28:44.677, 14087 MiB, 16303 MiB, 99 %, 85, 158.94 W
2026/05/11 20:28:49.677, 14087 MiB, 16303 MiB, 99 %, 84, 158.88 W
2026/05/11 20:28:54.678, 14087 MiB, 16303 MiB, 99 %, 85, 159.93 W
2026/05/11 20:28:59.678, 14087 MiB, 16303 MiB, 99 %, 85, 158.68 W
2026/05/11 20:29:04.679, 14087 MiB, 16303 MiB, 99 %, 85, 158.37 W
2026/05/11 20:29:09.680, 14087 MiB, 16303 MiB, 93 %, 80, 79.23 W
2026/05/11 20:29:14.680, 14087 MiB, 16303 MiB, 99 %, 83, 165.91 W
2026/05/11 20:29:19.681, 14087 MiB, 16303 MiB, 99 %, 83, 158.93 W
2026/05/11 20:29:24.681, 14087 MiB, 16303 MiB, 99 %, 83, 158.88 W
2026/05/11 20:29:29.682, 14087 MiB, 16303 MiB, 99 %, 83, 159.42 W
2026/05/11 20:29:34.682, 14087 MiB, 16303 MiB, 99 %, 84, 158.32 W
2026/05/11 20:29:39.684, 14087 MiB, 16303 MiB, 97 %, 84, 158.91 W
2026/05/11 20:29:44.685, 14087 MiB, 16303 MiB, 99 %, 84, 159.44 W
2026/05/11 20:29:49.685, 14087 MiB, 16303 MiB, 99 %, 84, 158.47 W
2026/05/11 20:29:54.686, 14087 MiB, 16303 MiB, 99 %, 84, 159.08 W
2026/05/11 20:29:59.686, 14087 MiB, 16303 MiB, 99 %, 84, 159.38 W
2026/05/11 20:30:04.687, 14087 MiB, 16303 MiB, 99 %, 84, 159.49 W
2026/05/11 20:30:09.688, 14087 MiB, 16303 MiB, 99 %, 84, 158.85 W
2026/05/11 20:30:14.688, 14087 MiB, 16303 MiB, 99 %, 84, 158.64 W
2026/05/11 20:30:19.689, 14087 MiB, 16303 MiB, 99 %, 84, 158.79 W
2026/05/11 20:30:24.689, 14087 MiB, 16303 MiB, 99 %, 84, 158.58 W
2026/05/11 20:30:29.690, 14087 MiB, 16303 MiB, 99 %, 85, 158.53 W
2026/05/11 20:30:34.690, 14087 MiB, 16303 MiB, 98 %, 85, 158.92 W
2026/05/11 20:30:39.691, 14087 MiB, 16303 MiB, 99 %, 85, 158.74 W
2026/05/11 20:30:44.692, 14087 MiB, 16303 MiB, 99 %, 85, 158.29 W
2026/05/11 20:30:49.692, 14087 MiB, 16303 MiB, 41 %, 81, 91.42 W
2026/05/11 20:30:54.693, 14087 MiB, 16303 MiB, 93 %, 80, 79.05 W
2026/05/11 20:30:59.693, 14087 MiB, 16303 MiB, 99 %, 83, 157.55 W
2026/05/11 20:31:04.694, 14087 MiB, 16303 MiB, 99 %, 83, 158.53 W
2026/05/11 20:31:09.694, 14087 MiB, 16303 MiB, 99 %, 83, 155.85 W
2026/05/11 20:31:14.695, 14087 MiB, 16303 MiB, 99 %, 84, 158.28 W
2026/05/11 20:31:19.696, 14087 MiB, 16303 MiB, 99 %, 83, 159.10 W
2026/05/11 20:31:24.696, 14087 MiB, 16303 MiB, 99 %, 84, 158.93 W
2026/05/11 20:31:29.697, 14087 MiB, 16303 MiB, 99 %, 84, 158.60 W
2026/05/11 20:31:34.697, 14087 MiB, 16303 MiB, 99 %, 84, 158.72 W
2026/05/11 20:31:39.698, 14087 MiB, 16303 MiB, 99 %, 84, 152.29 W
2026/05/11 20:31:44.698, 14087 MiB, 16303 MiB, 97 %, 84, 158.93 W
2026/05/11 20:31:49.699, 14087 MiB, 16303 MiB, 99 %, 84, 159.12 W
2026/05/11 20:31:54.699, 14087 MiB, 16303 MiB, 99 %, 85, 158.47 W
2026/05/11 20:31:59.700, 14087 MiB, 16303 MiB, 99 %, 84, 159.22 W
2026/05/11 20:32:04.703, 14087 MiB, 16303 MiB, 99 %, 84, 158.98 W
2026/05/11 20:32:09.705, 14087 MiB, 16303 MiB, 99 %, 85, 158.83 W
2026/05/11 20:32:14.705, 14087 MiB, 16303 MiB, 99 %, 84, 159.09 W
2026/05/11 20:32:19.706, 14087 MiB, 16303 MiB, 99 %, 85, 158.96 W
2026/05/11 20:32:24.706, 14087 MiB, 16303 MiB, 99 %, 84, 158.60 W
2026/05/11 20:32:29.707, 14087 MiB, 16303 MiB, 99 %, 84, 159.08 W
2026/05/11 20:32:34.708, 14087 MiB, 16303 MiB, 93 %, 81, 80.07 W
2026/05/11 20:32:39.708, 14087 MiB, 16303 MiB, 93 %, 82, 143.30 W
2026/05/11 20:32:44.709, 14087 MiB, 16303 MiB, 99 %, 83, 159.02 W
2026/05/11 20:32:49.709, 14087 MiB, 16303 MiB, 99 %, 83, 158.92 W
2026/05/11 20:32:54.710, 14087 MiB, 16303 MiB, 99 %, 83, 158.68 W
2026/05/11 20:32:59.710, 14087 MiB, 16303 MiB, 99 %, 83, 158.96 W
2026/05/11 20:33:04.720, 14087 MiB, 16303 MiB, 99 %, 84, 157.67 W
2026/05/11 20:33:09.720, 14087 MiB, 16303 MiB, 98 %, 84, 159.16 W
2026/05/11 20:33:14.721, 14087 MiB, 16303 MiB, 99 %, 84, 159.54 W
2026/05/11 20:33:19.721, 14087 MiB, 16303 MiB, 99 %, 84, 158.75 W
2026/05/11 20:33:24.722, 14087 MiB, 16303 MiB, 99 %, 84, 159.18 W
2026/05/11 20:33:29.723, 14087 MiB, 16303 MiB, 99 %, 84, 158.64 W
2026/05/11 20:33:34.723, 14087 MiB, 16303 MiB, 99 %, 84, 158.71 W
2026/05/11 20:33:39.724, 14087 MiB, 16303 MiB, 99 %, 84, 158.98 W
2026/05/11 20:33:44.724, 14087 MiB, 16303 MiB, 99 %, 85, 158.90 W
2026/05/11 20:33:49.725, 14087 MiB, 16303 MiB, 99 %, 84, 158.91 W
2026/05/11 20:33:54.726, 14087 MiB, 16303 MiB, 99 %, 85, 158.93 W
2026/05/11 20:33:59.726, 14087 MiB, 16303 MiB, 99 %, 85, 157.86 W
2026/05/11 20:34:04.727, 14087 MiB, 16303 MiB, 97 %, 85, 159.13 W
2026/05/11 20:34:09.727, 14087 MiB, 16303 MiB, 99 %, 85, 159.38 W
2026/05/11 20:34:14.728, 14087 MiB, 16303 MiB, 99 %, 85, 158.62 W
2026/05/11 20:34:19.728, 14087 MiB, 16303 MiB, 93 %, 81, 80.18 W
2026/05/11 20:34:24.729, 14087 MiB, 16303 MiB, 99 %, 82, 156.41 W
2026/05/11 20:34:29.730, 14087 MiB, 16303 MiB, 99 %, 83, 155.32 W
2026/05/11 20:34:34.734, 14087 MiB, 16303 MiB, 98 %, 83, 158.89 W
2026/05/11 20:34:39.735, 14087 MiB, 16303 MiB, 99 %, 83, 159.44 W
2026/05/11 20:34:44.735, 14087 MiB, 16303 MiB, 99 %, 84, 156.41 W
2026/05/11 20:34:49.736, 14087 MiB, 16303 MiB, 98 %, 84, 159.15 W
2026/05/11 20:34:54.745, 14087 MiB, 16303 MiB, 99 %, 84, 157.57 W
2026/05/11 20:34:59.746, 14087 MiB, 16303 MiB, 99 %, 84, 158.73 W
2026/05/11 20:35:04.747, 14087 MiB, 16303 MiB, 99 %, 84, 159.16 W
2026/05/11 20:35:09.747, 14087 MiB, 16303 MiB, 99 %, 84, 158.91 W
2026/05/11 20:35:14.756, 14087 MiB, 16303 MiB, 99 %, 85, 158.87 W
2026/05/11 20:35:19.757, 14087 MiB, 16303 MiB, 99 %, 85, 158.93 W
2026/05/11 20:35:24.757, 14087 MiB, 16303 MiB, 99 %, 85, 158.87 W
2026/05/11 20:35:29.758, 14087 MiB, 16303 MiB, 99 %, 85, 158.84 W
2026/05/11 20:35:34.759, 14087 MiB, 16303 MiB, 99 %, 85, 158.67 W
2026/05/11 20:35:39.759, 14087 MiB, 16303 MiB, 99 %, 85, 145.26 W
2026/05/11 20:35:44.760, 14087 MiB, 16303 MiB, 98 %, 85, 159.10 W
2026/05/11 20:35:49.760, 14087 MiB, 16303 MiB, 99 %, 85, 159.38 W
2026/05/11 20:35:54.760, 14087 MiB, 16303 MiB, 99 %, 85, 158.10 W
2026/05/11 20:35:59.761, 14087 MiB, 16303 MiB, 98 %, 85, 159.09 W
2026/05/11 20:36:04.761, 14087 MiB, 16303 MiB, 93 %, 81, 80.09 W
2026/05/11 20:36:09.762, 14087 MiB, 16303 MiB, 99 %, 83, 157.43 W
2026/05/11 20:36:14.765, 14087 MiB, 16303 MiB, 99 %, 83, 158.64 W
2026/05/11 20:36:19.766, 14087 MiB, 16303 MiB, 99 %, 83, 158.46 W
2026/05/11 20:36:24.767, 14087 MiB, 16303 MiB, 99 %, 84, 158.18 W
2026/05/11 20:36:29.767, 14087 MiB, 16303 MiB, 97 %, 84, 159.14 W
2026/05/11 20:36:34.768, 14087 MiB, 16303 MiB, 99 %, 84, 159.96 W
2026/05/11 20:36:39.777, 14087 MiB, 16303 MiB, 99 %, 84, 158.51 W
2026/05/11 20:36:44.778, 14087 MiB, 16303 MiB, 99 %, 84, 159.27 W
2026/05/11 20:36:49.787, 14087 MiB, 16303 MiB, 99 %, 84, 158.01 W
2026/05/11 20:36:54.797, 14087 MiB, 16303 MiB, 99 %, 85, 162.81 W
2026/05/11 20:36:59.797, 14087 MiB, 16303 MiB, 99 %, 84, 159.22 W
2026/05/11 20:37:04.798, 14087 MiB, 16303 MiB, 99 %, 85, 159.07 W
2026/05/11 20:37:09.798, 14087 MiB, 16303 MiB, 99 %, 84, 158.68 W
2026/05/11 20:37:14.799, 14087 MiB, 16303 MiB, 99 %, 84, 158.78 W
2026/05/11 20:37:19.808, 14087 MiB, 16303 MiB, 99 %, 85, 159.85 W
2026/05/11 20:37:24.809, 14087 MiB, 16303 MiB, 99 %, 85, 159.21 W
2026/05/11 20:37:29.809, 14087 MiB, 16303 MiB, 99 %, 84, 158.50 W
2026/05/11 20:37:34.810, 14087 MiB, 16303 MiB, 99 %, 85, 158.24 W
2026/05/11 20:37:39.810, 14087 MiB, 16303 MiB, 97 %, 85, 159.09 W
2026/05/11 20:37:44.811, 14087 MiB, 16303 MiB, 99 %, 85, 159.48 W
2026/05/11 20:37:49.811, 14087 MiB, 16303 MiB, 93 %, 81, 79.81 W
2026/05/11 20:37:54.812, 2101 MiB, 16303 MiB, 0 %, 75, 25.95 W
2026/05/11 20:37:59.813, 146 MiB, 16303 MiB, 0 %, 71, 15.27 W
2026/05/11 20:38:04.813, 146 MiB, 16303 MiB, 0 %, 68, 9.57 W
2026/05/11 20:38:09.814, 146 MiB, 16303 MiB, 0 %, 66, 9.07 W
2026/05/11 20:38:14.815, 146 MiB, 16303 MiB, 0 %, 63, 8.66 W
2026/05/11 20:38:19.815, 146 MiB, 16303 MiB, 0 %, 61, 8.34 W
2026/05/11 20:38:24.816, 146 MiB, 16303 MiB, 0 %, 60, 8.06 W
2026/05/11 20:38:29.816, 146 MiB, 16303 MiB, 0 %, 59, 8.00 W
2026/05/11 20:38:34.817, 146 MiB, 16303 MiB, 0 %, 58, 7.79 W
2026/05/11 20:38:39.818, 146 MiB, 16303 MiB, 0 %, 57, 7.90 W
2026/05/11 20:38:44.818, 146 MiB, 16303 MiB, 0 %, 56, 7.45 W
2026/05/11 20:38:49.827, 146 MiB, 16303 MiB, 0 %, 56, 7.44 W
2026/05/11 20:38:54.828, 146 MiB, 16303 MiB, 0 %, 55, 7.62 W
2026/05/11 20:38:59.837, 146 MiB, 16303 MiB, 0 %, 53, 7.44 W
2026/05/11 20:39:04.838, 146 MiB, 16303 MiB, 0 %, 52, 7.28 W
2026/05/11 20:39:09.839, 146 MiB, 16303 MiB, 0 %, 51, 7.18 W
2026/05/11 20:39:14.839, 146 MiB, 16303 MiB, 0 %, 50, 7.06 W
2026/05/11 20:39:19.841, 146 MiB, 16303 MiB, 0 %, 50, 7.03 W
2026/05/11 20:39:24.842, 146 MiB, 16303 MiB, 0 %, 49, 6.87 W
2026/05/11 20:39:29.842, 146 MiB, 16303 MiB, 0 %, 48, 6.93 W
2026/05/11 20:39:34.843, 146 MiB, 16303 MiB, 0 %, 48, 6.79 W
2026/05/11 20:39:39.844, 146 MiB, 16303 MiB, 0 %, 48, 6.74 W
2026/05/11 20:39:44.845, 146 MiB, 16303 MiB, 0 %, 48, 6.73 W
2026/05/11 20:39:49.846, 146 MiB, 16303 MiB, 0 %, 47, 6.68 W
2026/05/11 20:39:54.847, 146 MiB, 16303 MiB, 0 %, 47, 6.67 W
2026/05/11 20:39:59.848, 146 MiB, 16303 MiB, 0 %, 47, 6.62 W
2026/05/11 20:40:04.848, 146 MiB, 16303 MiB, 0 %, 47, 6.76 W
2026/05/11 20:40:09.849, 146 MiB, 16303 MiB, 0 %, 46, 6.62 W
2026/05/11 20:40:14.850, 146 MiB, 16303 MiB, 0 %, 46, 6.58 W
2026/05/11 20:40:19.851, 146 MiB, 16303 MiB, 0 %, 46, 6.55 W
2026/05/11 20:40:24.852, 146 MiB, 16303 MiB, 0 %, 46, 6.53 W
2026/05/11 20:40:29.852, 146 MiB, 16303 MiB, 0 %, 46, 6.54 W
2026/05/11 20:40:34.853, 146 MiB, 16303 MiB, 0 %, 45, 6.49 W
2026/05/11 20:40:39.854, 146 MiB, 16303 MiB, 0 %, 45, 6.51 W
2026/05/11 20:40:44.855, 146 MiB, 16303 MiB, 0 %, 45, 6.45 W
2026/05/11 20:40:49.856, 146 MiB, 16303 MiB, 0 %, 45, 6.45 W
2026/05/11 20:40:54.858, 146 MiB, 16303 MiB, 0 %, 44, 6.45 W
2026/05/11 20:40:59.859, 146 MiB, 16303 MiB, 0 %, 44, 6.38 W
2026/05/11 20:41:04.860, 146 MiB, 16303 MiB, 0 %, 44, 6.37 W
2026/05/11 20:41:09.861, 146 MiB, 16303 MiB, 0 %, 44, 6.42 W
2026/05/11 20:41:14.862, 146 MiB, 16303 MiB, 0 %, 44, 6.37 W
2026/05/11 20:41:19.863, 146 MiB, 16303 MiB, 0 %, 44, 6.33 W
2026/05/11 20:41:24.864, 146 MiB, 16303 MiB, 0 %, 44, 6.35 W
2026/05/11 20:41:29.865, 146 MiB, 16303 MiB, 0 %, 43, 6.32 W
2026/05/11 20:41:34.866, 146 MiB, 16303 MiB, 0 %, 43, 6.36 W
2026/05/11 20:41:39.868, 146 MiB, 16303 MiB, 0 %, 43, 6.30 W
2026/05/11 20:41:44.868, 146 MiB, 16303 MiB, 0 %, 43, 6.28 W
2026/05/11 20:41:49.869, 146 MiB, 16303 MiB, 0 %, 43, 6.28 W
2026/05/11 20:41:54.870, 146 MiB, 16303 MiB, 0 %, 43, 6.28 W
2026/05/11 20:41:59.872, 146 MiB, 16303 MiB, 0 %, 43, 6.26 W
2026/05/11 20:42:04.873, 146 MiB, 16303 MiB, 0 %, 42, 6.28 W
2026/05/11 20:42:09.874, 146 MiB, 16303 MiB, 0 %, 42, 6.23 W
2026/05/11 20:42:14.874, 146 MiB, 16303 MiB, 0 %, 42, 6.26 W
2026/05/11 20:42:19.876, 146 MiB, 16303 MiB, 0 %, 42, 6.23 W
2026/05/11 20:42:24.877, 146 MiB, 16303 MiB, 0 %, 42, 6.23 W
2026/05/11 20:42:29.879, 146 MiB, 16303 MiB, 0 %, 42, 6.23 W
2026/05/11 20:42:34.879, 146 MiB, 16303 MiB, 0 %, 42, 6.17 W
2026/05/11 20:42:39.880, 146 MiB, 16303 MiB, 0 %, 42, 6.18 W
2026/05/11 20:42:44.881, 146 MiB, 16303 MiB, 0 %, 41, 6.18 W
2026/05/11 20:42:49.882, 146 MiB, 16303 MiB, 0 %, 41, 6.17 W
2026/05/11 20:42:54.883, 146 MiB, 16303 MiB, 0 %, 41, 6.16 W
2026/05/11 20:42:59.885, 146 MiB, 16303 MiB, 0 %, 41, 6.18 W
2026/05/11 20:43:04.886, 146 MiB, 16303 MiB, 0 %, 41, 6.14 W
2026/05/11 20:43:09.887, 146 MiB, 16303 MiB, 0 %, 41, 6.13 W
2026/05/11 20:43:14.897, 146 MiB, 16303 MiB, 0 %, 41, 6.12 W
2026/05/11 20:43:19.898, 146 MiB, 16303 MiB, 0 %, 41, 6.12 W
2026/05/11 20:43:24.899, 146 MiB, 16303 MiB, 0 %, 41, 6.09 W
2026/05/11 20:43:29.900, 146 MiB, 16303 MiB, 0 %, 40, 6.10 W
2026/05/11 20:43:34.901, 146 MiB, 16303 MiB, 0 %, 40, 6.10 W
2026/05/11 20:43:39.902, 146 MiB, 16303 MiB, 0 %, 40, 6.09 W
2026/05/11 20:43:44.904, 146 MiB, 16303 MiB, 0 %, 40, 6.11 W
2026/05/11 20:43:49.906, 146 MiB, 16303 MiB, 0 %, 40, 6.09 W
2026/05/11 20:43:54.906, 146 MiB, 16303 MiB, 0 %, 40, 6.09 W
2026/05/11 20:43:59.908, 146 MiB, 16303 MiB, 0 %, 40, 6.09 W
2026/05/11 20:44:04.908, 146 MiB, 16303 MiB, 0 %, 40, 6.08 W
2026/05/11 20:44:09.909, 146 MiB, 16303 MiB, 0 %, 40, 6.06 W
2026/05/11 20:44:14.911, 146 MiB, 16303 MiB, 0 %, 40, 6.02 W
2026/05/11 20:44:19.912, 146 MiB, 16303 MiB, 0 %, 39, 6.04 W
2026/05/11 20:44:24.913, 146 MiB, 16303 MiB, 0 %, 39, 6.03 W
2026/05/11 20:44:29.914, 146 MiB, 16303 MiB, 0 %, 39, 6.02 W
2026/05/11 20:44:34.914, 146 MiB, 16303 MiB, 0 %, 39, 6.01 W
2026/05/11 20:44:39.915, 146 MiB, 16303 MiB, 0 %, 39, 6.00 W
2026/05/11 20:44:44.916, 146 MiB, 16303 MiB, 0 %, 39, 6.02 W
2026/05/11 20:44:49.917, 146 MiB, 16303 MiB, 0 %, 39, 6.02 W
2026/05/11 20:44:54.918, 146 MiB, 16303 MiB, 0 %, 39, 6.00 W
2026/05/11 20:44:59.919, 146 MiB, 16303 MiB, 0 %, 39, 6.01 W
2026/05/11 20:45:04.920, 146 MiB, 16303 MiB, 0 %, 39, 6.02 W
2026/05/11 20:45:09.921, 146 MiB, 16303 MiB, 0 %, 39, 6.01 W
2026/05/11 20:45:14.922, 146 MiB, 16303 MiB, 0 %, 39, 6.01 W
2026/05/11 20:45:19.923, 146 MiB, 16303 MiB, 0 %, 39, 6.00 W
2026/05/11 20:45:24.925, 146 MiB, 16303 MiB, 0 %, 38, 6.00 W
2026/05/11 20:45:29.927, 146 MiB, 16303 MiB, 0 %, 38, 6.02 W
2026/05/11 20:45:34.928, 146 MiB, 16303 MiB, 0 %, 38, 5.97 W
2026/05/11 20:45:39.930, 146 MiB, 16303 MiB, 0 %, 38, 5.96 W
2026/05/11 20:45:44.930, 146 MiB, 16303 MiB, 0 %, 38, 5.97 W
2026/05/11 20:45:49.932, 146 MiB, 16303 MiB, 0 %, 38, 5.97 W
2026/05/11 20:45:54.933, 146 MiB, 16303 MiB, 0 %, 38, 5.95 W
2026/05/11 20:45:59.934, 146 MiB, 16303 MiB, 0 %, 38, 5.93 W
2026/05/11 20:46:04.936, 146 MiB, 16303 MiB, 0 %, 38, 6.01 W
2026/05/11 20:46:09.937, 146 MiB, 16303 MiB, 0 %, 38, 5.93 W
2026/05/11 20:46:14.939, 146 MiB, 16303 MiB, 0 %, 38, 6.00 W
2026/05/11 20:46:19.940, 146 MiB, 16303 MiB, 0 %, 38, 5.92 W
2026/05/11 20:46:24.940, 146 MiB, 16303 MiB, 0 %, 38, 5.94 W
2026/05/11 20:46:29.941, 146 MiB, 16303 MiB, 0 %, 38, 5.90 W
2026/05/11 20:46:34.942, 146 MiB, 16303 MiB, 0 %, 38, 5.91 W
2026/05/11 20:46:39.943, 146 MiB, 16303 MiB, 0 %, 37, 5.94 W
2026/05/11 20:46:44.943, 146 MiB, 16303 MiB, 0 %, 37, 6.00 W
2026/05/11 20:46:49.945, 146 MiB, 16303 MiB, 0 %, 37, 5.89 W
2026/05/11 20:46:54.945, 146 MiB, 16303 MiB, 0 %, 37, 5.91 W
2026/05/11 20:46:59.946, 146 MiB, 16303 MiB, 0 %, 37, 5.91 W
2026/05/11 20:47:04.947, 146 MiB, 16303 MiB, 0 %, 37, 5.90 W
2026/05/11 20:47:09.948, 146 MiB, 16303 MiB, 0 %, 37, 5.90 W
2026/05/11 20:47:14.949, 146 MiB, 16303 MiB, 0 %, 37, 5.91 W
2026/05/11 20:47:19.950, 146 MiB, 16303 MiB, 0 %, 37, 5.90 W
2026/05/11 20:47:24.951, 146 MiB, 16303 MiB, 0 %, 37, 5.92 W
2026/05/11 20:47:29.952, 146 MiB, 16303 MiB, 0 %, 37, 5.90 W
2026/05/11 20:47:34.953, 146 MiB, 16303 MiB, 0 %, 37, 5.91 W
2026/05/11 20:47:39.955, 146 MiB, 16303 MiB, 0 %, 37, 5.88 W
2026/05/11 20:47:44.956, 146 MiB, 16303 MiB, 0 %, 37, 5.84 W
2026/05/11 20:47:49.956, 146 MiB, 16303 MiB, 0 %, 37, 5.86 W
2026/05/11 20:47:54.957, 146 MiB, 16303 MiB, 0 %, 37, 5.88 W
2026/05/11 20:47:59.958, 146 MiB, 16303 MiB, 0 %, 37, 5.89 W
2026/05/11 20:48:04.959, 146 MiB, 16303 MiB, 0 %, 37, 5.88 W
2026/05/11 20:48:09.960, 146 MiB, 16303 MiB, 0 %, 37, 5.87 W
2026/05/11 20:48:14.961, 146 MiB, 16303 MiB, 0 %, 37, 5.88 W
2026/05/11 20:48:19.961, 146 MiB, 16303 MiB, 0 %, 37, 5.87 W
2026/05/11 20:48:24.961, 146 MiB, 16303 MiB, 0 %, 37, 5.89 W
2026/05/11 20:48:29.971, 146 MiB, 16303 MiB, 0 %, 36, 5.89 W
2026/05/11 20:48:34.972, 146 MiB, 16303 MiB, 0 %, 36, 5.87 W
2026/05/11 20:48:39.972, 146 MiB, 16303 MiB, 0 %, 36, 5.88 W
2026/05/11 20:48:44.973, 146 MiB, 16303 MiB, 0 %, 36, 5.88 W
2026/05/11 20:48:49.982, 146 MiB, 16303 MiB, 0 %, 36, 5.86 W
2026/05/11 20:48:54.983, 146 MiB, 16303 MiB, 0 %, 36, 5.86 W
2026/05/11 20:48:59.984, 146 MiB, 16303 MiB, 0 %, 36, 5.86 W
2026/05/11 20:49:04.985, 146 MiB, 16303 MiB, 0 %, 36, 5.87 W
2026/05/11 20:49:09.986, 146 MiB, 16303 MiB, 0 %, 36, 5.85 W
2026/05/11 20:49:14.987, 146 MiB, 16303 MiB, 0 %, 36, 5.85 W
2026/05/11 20:49:19.988, 146 MiB, 16303 MiB, 0 %, 36, 5.85 W
2026/05/11 20:49:24.989, 146 MiB, 16303 MiB, 0 %, 36, 5.83 W
2026/05/11 20:49:29.990, 146 MiB, 16303 MiB, 0 %, 36, 5.82 W
2026/05/11 20:49:34.991, 146 MiB, 16303 MiB, 0 %, 36, 5.85 W
2026/05/11 20:49:39.992, 146 MiB, 16303 MiB, 0 %, 36, 5.82 W
2026/05/11 20:49:44.993, 146 MiB, 16303 MiB, 0 %, 36, 5.84 W
2026/05/11 20:49:49.994, 146 MiB, 16303 MiB, 0 %, 36, 5.82 W
2026/05/11 20:49:54.995, 146 MiB, 16303 MiB, 0 %, 36, 5.82 W
2026/05/11 20:49:59.995, 146 MiB, 16303 MiB, 0 %, 36, 5.81 W
2026/05/11 20:50:04.997, 146 MiB, 16303 MiB, 0 %, 36, 5.82 W
2026/05/11 20:50:09.997, 146 MiB, 16303 MiB, 0 %, 36, 5.82 W
2026/05/11 20:50:14.998, 146 MiB, 16303 MiB, 0 %, 36, 5.82 W
2026/05/11 20:50:19.998, 146 MiB, 16303 MiB, 0 %, 36, 5.81 W
2026/05/11 20:50:24.999, 146 MiB, 16303 MiB, 0 %, 36, 5.80 W
2026/05/11 20:50:30.000, 146 MiB, 16303 MiB, 0 %, 36, 5.83 W
2026/05/11 20:50:35.001, 146 MiB, 16303 MiB, 0 %, 35, 5.82 W
2026/05/11 20:50:40.002, 146 MiB, 16303 MiB, 0 %, 35, 5.82 W
2026/05/11 20:50:45.003, 146 MiB, 16303 MiB, 0 %, 35, 5.81 W
2026/05/11 20:50:50.003, 146 MiB, 16303 MiB, 0 %, 35, 5.81 W
2026/05/11 20:50:55.004, 146 MiB, 16303 MiB, 0 %, 35, 5.85 W
2026/05/11 20:51:00.013, 146 MiB, 16303 MiB, 0 %, 35, 5.82 W
2026/05/11 20:51:05.023, 146 MiB, 16303 MiB, 0 %, 35, 5.79 W
2026/05/11 20:51:10.024, 146 MiB, 16303 MiB, 0 %, 35, 5.80 W
2026/05/11 20:51:15.024, 146 MiB, 16303 MiB, 0 %, 35, 5.78 W
2026/05/11 20:51:20.025, 146 MiB, 16303 MiB, 0 %, 35, 5.80 W
2026/05/11 20:51:25.025, 146 MiB, 16303 MiB, 0 %, 35, 5.78 W
2026/05/11 20:51:30.026, 146 MiB, 16303 MiB, 0 %, 35, 5.79 W
2026/05/11 20:51:35.027, 146 MiB, 16303 MiB, 0 %, 35, 5.80 W
2026/05/11 20:51:40.028, 146 MiB, 16303 MiB, 0 %, 35, 5.78 W
2026/05/11 20:51:45.028, 146 MiB, 16303 MiB, 0 %, 35, 5.80 W
2026/05/11 20:51:50.029, 146 MiB, 16303 MiB, 0 %, 35, 5.79 W
2026/05/11 20:51:55.030, 146 MiB, 16303 MiB, 0 %, 35, 5.79 W
2026/05/11 20:52:00.030, 146 MiB, 16303 MiB, 0 %, 35, 5.79 W
2026/05/11 20:52:05.032, 146 MiB, 16303 MiB, 0 %, 35, 5.77 W
2026/05/11 20:52:10.033, 146 MiB, 16303 MiB, 0 %, 35, 5.77 W
2026/05/11 20:52:15.034, 146 MiB, 16303 MiB, 0 %, 35, 5.78 W
2026/05/11 20:52:20.035, 146 MiB, 16303 MiB, 0 %, 35, 5.76 W
2026/05/11 20:52:25.036, 146 MiB, 16303 MiB, 0 %, 35, 5.76 W
2026/05/11 20:52:30.037, 146 MiB, 16303 MiB, 0 %, 35, 5.78 W
2026/05/11 20:52:35.038, 146 MiB, 16303 MiB, 0 %, 35, 5.78 W
2026/05/11 20:52:40.039, 146 MiB, 16303 MiB, 0 %, 35, 5.78 W
2026/05/11 20:52:45.040, 146 MiB, 16303 MiB, 0 %, 35, 5.80 W
2026/05/11 20:52:50.041, 146 MiB, 16303 MiB, 0 %, 35, 5.79 W
2026/05/11 20:52:55.042, 146 MiB, 16303 MiB, 0 %, 35, 5.81 W
2026/05/11 20:53:00.043, 146 MiB, 16303 MiB, 0 %, 35, 5.80 W
2026/05/11 20:53:05.043, 146 MiB, 16303 MiB, 0 %, 35, 5.81 W
2026/05/11 20:53:10.044, 146 MiB, 16303 MiB, 0 %, 35, 5.81 W
2026/05/11 20:53:15.045, 146 MiB, 16303 MiB, 0 %, 35, 5.83 W
2026/05/11 20:53:20.045, 146 MiB, 16303 MiB, 0 %, 36, 5.82 W
2026/05/11 20:53:25.046, 146 MiB, 16303 MiB, 0 %, 36, 5.84 W
2026/05/11 20:53:30.046, 146 MiB, 16303 MiB, 0 %, 36, 5.82 W
2026/05/11 20:53:35.048, 146 MiB, 16303 MiB, 0 %, 36, 5.83 W
2026/05/11 20:53:40.049, 146 MiB, 16303 MiB, 0 %, 36, 5.82 W
2026/05/11 20:53:45.050, 146 MiB, 16303 MiB, 0 %, 36, 5.84 W
2026/05/11 20:53:50.051, 146 MiB, 16303 MiB, 0 %, 36, 5.79 W
2026/05/11 20:53:55.052, 146 MiB, 16303 MiB, 0 %, 36, 5.85 W
2026/05/11 20:54:00.053, 146 MiB, 16303 MiB, 0 %, 36, 5.85 W
2026/05/11 20:54:05.054, 146 MiB, 16303 MiB, 0 %, 36, 5.84 W
2026/05/11 20:54:10.055, 146 MiB, 16303 MiB, 0 %, 36, 5.86 W
2026/05/11 20:54:15.056, 146 MiB, 16303 MiB, 0 %, 36, 5.85 W
2026/05/11 20:54:20.056, 146 MiB, 16303 MiB, 0 %, 37, 5.85 W
2026/05/11 20:54:25.057, 146 MiB, 16303 MiB, 0 %, 37, 5.89 W
2026/05/11 20:54:30.059, 146 MiB, 16303 MiB, 0 %, 37, 5.90 W
2026/05/11 20:54:35.060, 146 MiB, 16303 MiB, 0 %, 37, 5.89 W
2026/05/11 20:54:40.060, 146 MiB, 16303 MiB, 0 %, 37, 5.88 W
2026/05/11 20:54:45.061, 146 MiB, 16303 MiB, 0 %, 37, 5.85 W
2026/05/11 20:54:50.062, 146 MiB, 16303 MiB, 0 %, 37, 5.89 W
2026/05/11 20:54:55.064, 146 MiB, 16303 MiB, 0 %, 37, 5.87 W
2026/05/11 20:55:00.065, 146 MiB, 16303 MiB, 0 %, 37, 5.88 W
2026/05/11 20:55:05.066, 146 MiB, 16303 MiB, 0 %, 37, 5.88 W
2026/05/11 20:55:10.066, 146 MiB, 16303 MiB, 0 %, 37, 5.95 W
2026/05/11 20:55:15.067, 146 MiB, 16303 MiB, 0 %, 37, 5.87 W
2026/05/11 20:55:20.069, 146 MiB, 16303 MiB, 0 %, 37, 5.92 W
2026/05/11 20:55:25.070, 146 MiB, 16303 MiB, 0 %, 37, 5.90 W
2026/05/11 20:55:30.071, 146 MiB, 16303 MiB, 0 %, 37, 5.89 W
2026/05/11 20:55:35.072, 146 MiB, 16303 MiB, 0 %, 38, 5.88 W
2026/05/11 20:55:40.073, 146 MiB, 16303 MiB, 0 %, 38, 5.89 W
2026/05/11 20:55:45.074, 146 MiB, 16303 MiB, 0 %, 38, 5.91 W
2026/05/11 20:55:50.076, 146 MiB, 16303 MiB, 0 %, 38, 5.91 W
2026/05/11 20:55:55.076, 146 MiB, 16303 MiB, 0 %, 38, 5.90 W
2026/05/11 20:56:00.077, 146 MiB, 16303 MiB, 0 %, 38, 5.91 W
2026/05/11 20:56:05.078, 146 MiB, 16303 MiB, 0 %, 38, 5.90 W
2026/05/11 20:56:10.079, 146 MiB, 16303 MiB, 0 %, 38, 5.93 W
2026/05/11 20:56:15.080, 146 MiB, 16303 MiB, 0 %, 38, 5.94 W
2026/05/11 20:56:20.081, 146 MiB, 16303 MiB, 0 %, 38, 5.95 W
2026/05/11 20:56:25.081, 146 MiB, 16303 MiB, 0 %, 38, 5.90 W
2026/05/11 20:56:30.083, 146 MiB, 16303 MiB, 0 %, 38, 5.92 W
2026/05/11 20:56:35.085, 146 MiB, 16303 MiB, 0 %, 38, 5.92 W
2026/05/11 20:56:40.085, 146 MiB, 16303 MiB, 0 %, 38, 5.94 W
2026/05/11 20:56:45.086, 146 MiB, 16303 MiB, 0 %, 38, 5.97 W
2026/05/11 20:56:50.087, 146 MiB, 16303 MiB, 0 %, 38, 5.97 W
2026/05/11 20:56:55.088, 146 MiB, 16303 MiB, 0 %, 38, 5.97 W
2026/05/11 20:57:00.090, 146 MiB, 16303 MiB, 0 %, 39, 5.97 W
2026/05/11 20:57:05.090, 146 MiB, 16303 MiB, 0 %, 39, 6.00 W
2026/05/11 20:57:10.091, 146 MiB, 16303 MiB, 0 %, 39, 5.97 W
2026/05/11 20:57:15.092, 146 MiB, 16303 MiB, 0 %, 39, 5.97 W
2026/05/11 20:57:20.093, 146 MiB, 16303 MiB, 0 %, 39, 5.95 W
2026/05/11 20:57:25.094, 146 MiB, 16303 MiB, 0 %, 39, 6.01 W
2026/05/11 20:57:30.095, 146 MiB, 16303 MiB, 0 %, 39, 5.96 W
2026/05/11 20:57:35.096, 146 MiB, 16303 MiB, 0 %, 39, 5.99 W
2026/05/11 20:57:40.097, 146 MiB, 16303 MiB, 0 %, 39, 5.98 W
2026/05/11 20:57:45.098, 146 MiB, 16303 MiB, 0 %, 39, 6.01 W
2026/05/11 20:57:50.099, 146 MiB, 16303 MiB, 0 %, 39, 5.98 W
2026/05/11 20:57:55.100, 146 MiB, 16303 MiB, 0 %, 39, 5.97 W
2026/05/11 20:58:00.101, 146 MiB, 16303 MiB, 0 %, 39, 5.98 W
2026/05/11 20:58:05.102, 146 MiB, 16303 MiB, 0 %, 39, 5.99 W
2026/05/11 20:58:10.103, 146 MiB, 16303 MiB, 0 %, 39, 5.94 W
2026/05/11 20:58:15.104, 146 MiB, 16303 MiB, 0 %, 39, 5.95 W
2026/05/11 20:58:20.106, 146 MiB, 16303 MiB, 0 %, 39, 5.99 W
2026/05/11 20:58:25.107, 146 MiB, 16303 MiB, 0 %, 39, 6.00 W
2026/05/11 20:58:30.108, 146 MiB, 16303 MiB, 0 %, 39, 5.98 W
2026/05/11 20:58:35.109, 146 MiB, 16303 MiB, 0 %, 39, 6.00 W
2026/05/11 20:58:40.110, 146 MiB, 16303 MiB, 0 %, 39, 5.98 W
2026/05/11 20:58:45.111, 146 MiB, 16303 MiB, 0 %, 39, 6.00 W
2026/05/11 20:58:50.112, 146 MiB, 16303 MiB, 0 %, 39, 5.99 W
2026/05/11 20:58:55.113, 146 MiB, 16303 MiB, 0 %, 39, 5.99 W
2026/05/11 20:59:00.113, 146 MiB, 16303 MiB, 0 %, 40, 5.98 W
2026/05/11 20:59:05.115, 146 MiB, 16303 MiB, 0 %, 40, 5.96 W
2026/05/11 20:59:10.117, 146 MiB, 16303 MiB, 0 %, 40, 6.02 W
2026/05/11 20:59:15.118, 146 MiB, 16303 MiB, 0 %, 40, 6.01 W
2026/05/11 20:59:20.128, 146 MiB, 16303 MiB, 0 %, 41, 24.44 W
2026/05/11 20:59:25.130, 146 MiB, 16303 MiB, 0 %, 41, 22.42 W
2026/05/11 20:59:30.131, 146 MiB, 16303 MiB, 23 %, 41, 20.08 W
2026/05/11 20:59:35.131, 146 MiB, 16303 MiB, 0 %, 41, 6.08 W
2026/05/11 20:59:40.132, 146 MiB, 16303 MiB, 0 %, 41, 6.06 W
2026/05/11 20:59:45.141, 146 MiB, 16303 MiB, 31 %, 42, 26.61 W
2026/05/11 20:59:50.142, 146 MiB, 16303 MiB, 69 %, 42, 23.27 W
2026/05/11 20:59:55.142, 146 MiB, 16303 MiB, 0 %, 42, 6.43 W
2026/05/11 21:00:00.143, 146 MiB, 16303 MiB, 0 %, 43, 6.04 W
2026/05/11 21:00:05.143, 146 MiB, 16303 MiB, 0 %, 43, 6.04 W
2026/05/11 21:00:10.144, 146 MiB, 16303 MiB, 0 %, 43, 6.10 W
2026/05/11 21:00:15.144, 146 MiB, 16303 MiB, 0 %, 44, 6.18 W
2026/05/11 21:00:20.144, 146 MiB, 16303 MiB, 0 %, 44, 6.11 W
2026/05/11 21:00:25.145, 146 MiB, 16303 MiB, 0 %, 44, 6.20 W
2026/05/11 21:00:30.145, 146 MiB, 16303 MiB, 0 %, 44, 6.15 W
2026/05/11 21:00:35.146, 146 MiB, 16303 MiB, 0 %, 45, 6.16 W
2026/05/11 21:00:40.146, 146 MiB, 16303 MiB, 0 %, 45, 6.16 W
2026/05/11 21:00:45.147, 146 MiB, 16303 MiB, 0 %, 45, 6.21 W
2026/05/11 21:00:50.147, 146 MiB, 16303 MiB, 0 %, 45, 6.23 W
2026/05/11 21:00:55.148, 146 MiB, 16303 MiB, 0 %, 45, 6.25 W
2026/05/11 21:01:00.148, 146 MiB, 16303 MiB, 0 %, 45, 6.22 W
2026/05/11 21:01:05.149, 146 MiB, 16303 MiB, 0 %, 46, 6.22 W
2026/05/11 21:01:10.158, 146 MiB, 16303 MiB, 0 %, 46, 6.39 W
2026/05/11 21:01:15.158, 146 MiB, 16303 MiB, 0 %, 46, 6.28 W
2026/05/11 21:01:20.159, 146 MiB, 16303 MiB, 0 %, 46, 6.28 W
2026/05/11 21:01:25.159, 146 MiB, 16303 MiB, 0 %, 46, 6.32 W
2026/05/11 21:01:30.160, 146 MiB, 16303 MiB, 0 %, 46, 6.36 W
2026/05/11 21:01:35.160, 146 MiB, 16303 MiB, 0 %, 46, 6.39 W
2026/05/11 21:01:40.161, 146 MiB, 16303 MiB, 0 %, 46, 6.37 W
2026/05/11 21:01:45.170, 146 MiB, 16303 MiB, 0 %, 47, 6.34 W
2026/05/11 21:01:50.170, 146 MiB, 16303 MiB, 0 %, 47, 6.41 W
2026/05/11 21:01:55.171, 146 MiB, 16303 MiB, 0 %, 47, 6.42 W
2026/05/11 21:02:00.171, 146 MiB, 16303 MiB, 0 %, 47, 6.40 W
2026/05/11 21:02:05.172, 146 MiB, 16303 MiB, 0 %, 47, 6.42 W
2026/05/11 21:02:10.172, 146 MiB, 16303 MiB, 0 %, 47, 6.43 W
2026/05/11 21:02:15.172, 146 MiB, 16303 MiB, 0 %, 47, 6.42 W
2026/05/11 21:02:20.173, 146 MiB, 16303 MiB, 0 %, 47, 8.77 W
2026/05/11 21:02:25.174, 146 MiB, 16303 MiB, 0 %, 47, 6.51 W
2026/05/11 21:02:30.174, 146 MiB, 16303 MiB, 0 %, 47, 6.41 W
2026/05/11 21:02:35.175, 146 MiB, 16303 MiB, 0 %, 47, 6.41 W
2026/05/11 21:02:40.175, 146 MiB, 16303 MiB, 0 %, 47, 6.43 W
2026/05/11 21:02:45.175, 146 MiB, 16303 MiB, 0 %, 47, 6.42 W
2026/05/11 21:02:50.176, 146 MiB, 16303 MiB, 0 %, 47, 6.42 W
2026/05/11 21:02:55.176, 146 MiB, 16303 MiB, 0 %, 47, 6.41 W
2026/05/11 21:03:00.177, 146 MiB, 16303 MiB, 0 %, 47, 6.44 W
2026/05/11 21:03:05.186, 146 MiB, 16303 MiB, 0 %, 47, 6.43 W
2026/05/11 21:03:10.187, 146 MiB, 16303 MiB, 0 %, 47, 6.47 W
2026/05/11 21:03:15.187, 146 MiB, 16303 MiB, 0 %, 47, 6.43 W
2026/05/11 21:03:20.188, 146 MiB, 16303 MiB, 0 %, 47, 6.44 W
2026/05/11 21:03:25.188, 146 MiB, 16303 MiB, 0 %, 47, 13.90 W
2026/05/11 21:03:30.189, 146 MiB, 16303 MiB, 18 %, 47, 8.93 W
2026/05/11 21:03:35.189, 146 MiB, 16303 MiB, 0 %, 47, 14.18 W
2026/05/11 21:03:40.190, 146 MiB, 16303 MiB, 0 %, 47, 6.42 W
2026/05/11 21:03:45.190, 146 MiB, 16303 MiB, 0 %, 47, 6.43 W
2026/05/11 21:03:50.191, 146 MiB, 16303 MiB, 0 %, 47, 6.40 W
2026/05/11 21:03:55.191, 146 MiB, 16303 MiB, 0 %, 47, 6.47 W
2026/05/11 21:04:00.192, 146 MiB, 16303 MiB, 0 %, 48, 22.74 W
2026/05/11 21:04:05.192, 146 MiB, 16303 MiB, 6 %, 47, 8.76 W
2026/05/11 21:04:10.193, 146 MiB, 16303 MiB, 0 %, 46, 8.72 W
2026/05/11 21:04:15.194, 146 MiB, 16303 MiB, 0 %, 46, 6.64 W
2026/05/11 21:04:20.195, 146 MiB, 16303 MiB, 0 %, 45, 6.63 W
2026/05/11 21:04:25.196, 146 MiB, 16303 MiB, 0 %, 45, 6.56 W
2026/05/11 21:04:30.197, 146 MiB, 16303 MiB, 0 %, 45, 6.64 W
2026/05/11 21:04:35.198, 146 MiB, 16303 MiB, 0 %, 44, 6.55 W
2026/05/11 21:04:40.199, 146 MiB, 16303 MiB, 0 %, 44, 6.59 W
2026/05/11 21:04:45.201, 146 MiB, 16303 MiB, 0 %, 44, 6.49 W
2026/05/11 21:04:50.202, 146 MiB, 16303 MiB, 0 %, 43, 6.40 W
2026/05/11 21:04:55.203, 146 MiB, 16303 MiB, 0 %, 43, 6.38 W
2026/05/11 21:05:00.204, 146 MiB, 16303 MiB, 0 %, 43, 6.37 W
2026/05/11 21:05:05.205, 146 MiB, 16303 MiB, 0 %, 43, 6.40 W
2026/05/11 21:05:10.205, 146 MiB, 16303 MiB, 0 %, 42, 6.30 W
2026/05/11 21:05:15.207, 146 MiB, 16303 MiB, 0 %, 42, 6.39 W
2026/05/11 21:05:20.208, 146 MiB, 16303 MiB, 0 %, 42, 6.28 W
2026/05/11 21:05:25.208, 146 MiB, 16303 MiB, 0 %, 42, 6.38 W
2026/05/11 21:05:30.209, 146 MiB, 16303 MiB, 0 %, 42, 6.31 W
2026/05/11 21:05:35.211, 146 MiB, 16303 MiB, 0 %, 42, 6.26 W
2026/05/11 21:05:40.211, 146 MiB, 16303 MiB, 0 %, 42, 6.26 W
2026/05/11 21:05:45.212, 146 MiB, 16303 MiB, 0 %, 42, 6.28 W
2026/05/11 21:05:50.214, 146 MiB, 16303 MiB, 0 %, 42, 6.25 W
2026/05/11 21:05:55.214, 146 MiB, 16303 MiB, 0 %, 42, 6.26 W
2026/05/11 21:06:00.215, 146 MiB, 16303 MiB, 0 %, 42, 6.28 W
2026/05/11 21:06:05.216, 146 MiB, 16303 MiB, 0 %, 42, 6.26 W
2026/05/11 21:06:10.217, 146 MiB, 16303 MiB, 0 %, 42, 6.27 W
2026/05/11 21:06:15.217, 146 MiB, 16303 MiB, 0 %, 42, 6.23 W
2026/05/11 21:06:20.218, 146 MiB, 16303 MiB, 0 %, 42, 6.28 W
2026/05/11 21:06:25.219, 146 MiB, 16303 MiB, 0 %, 42, 6.27 W
2026/05/11 21:06:30.220, 146 MiB, 16303 MiB, 0 %, 42, 6.25 W
2026/05/11 21:06:35.221, 146 MiB, 16303 MiB, 0 %, 42, 6.23 W
2026/05/11 21:06:40.223, 146 MiB, 16303 MiB, 0 %, 42, 6.27 W
2026/05/11 21:06:45.223, 146 MiB, 16303 MiB, 0 %, 42, 6.26 W
2026/05/11 21:06:50.224, 146 MiB, 16303 MiB, 0 %, 42, 6.28 W
2026/05/11 21:06:55.225, 146 MiB, 16303 MiB, 0 %, 42, 6.29 W
2026/05/11 21:07:00.226, 146 MiB, 16303 MiB, 0 %, 42, 6.24 W
2026/05/11 21:07:05.227, 146 MiB, 16303 MiB, 0 %, 42, 6.24 W
2026/05/11 21:07:10.228, 146 MiB, 16303 MiB, 0 %, 42, 6.24 W
2026/05/11 21:07:15.229, 146 MiB, 16303 MiB, 0 %, 42, 6.26 W
2026/05/11 21:07:20.238, 146 MiB, 16303 MiB, 0 %, 42, 6.20 W
2026/05/11 21:07:25.248, 146 MiB, 16303 MiB, 0 %, 42, 6.20 W
2026/05/11 21:07:30.249, 146 MiB, 16303 MiB, 0 %, 42, 6.25 W
2026/05/11 21:07:35.250, 146 MiB, 16303 MiB, 0 %, 42, 6.20 W
2026/05/11 21:07:40.251, 146 MiB, 16303 MiB, 0 %, 42, 6.24 W
2026/05/11 21:07:45.253, 146 MiB, 16303 MiB, 0 %, 42, 6.23 W
2026/05/11 21:07:50.257, 146 MiB, 16303 MiB, 0 %, 42, 6.23 W
2026/05/11 21:07:55.258, 146 MiB, 16303 MiB, 0 %, 42, 6.23 W
2026/05/11 21:08:00.259, 146 MiB, 16303 MiB, 0 %, 42, 6.23 W
2026/05/11 21:08:05.260, 146 MiB, 16303 MiB, 0 %, 42, 6.18 W
2026/05/11 21:08:10.261, 146 MiB, 16303 MiB, 0 %, 42, 6.25 W
2026/05/11 21:08:15.262, 146 MiB, 16303 MiB, 0 %, 42, 6.26 W
2026/05/11 21:08:20.263, 146 MiB, 16303 MiB, 0 %, 42, 6.25 W
2026/05/11 21:08:25.265, 146 MiB, 16303 MiB, 0 %, 42, 6.22 W
2026/05/11 21:08:30.265, 146 MiB, 16303 MiB, 0 %, 42, 6.23 W
2026/05/11 21:08:35.266, 146 MiB, 16303 MiB, 0 %, 42, 6.24 W
2026/05/11 21:08:40.267, 146 MiB, 16303 MiB, 0 %, 42, 6.24 W
2026/05/11 21:08:45.268, 146 MiB, 16303 MiB, 0 %, 42, 6.26 W
2026/05/11 21:08:50.269, 146 MiB, 16303 MiB, 0 %, 42, 6.21 W
2026/05/11 21:08:55.269, 146 MiB, 16303 MiB, 0 %, 42, 6.26 W
2026/05/11 21:09:00.270, 146 MiB, 16303 MiB, 0 %, 42, 6.24 W
2026/05/11 21:09:05.271, 146 MiB, 16303 MiB, 0 %, 42, 6.24 W
2026/05/11 21:09:10.273, 146 MiB, 16303 MiB, 0 %, 42, 6.20 W
2026/05/11 21:09:15.274, 146 MiB, 16303 MiB, 0 %, 42, 6.22 W
2026/05/11 21:09:20.275, 146 MiB, 16303 MiB, 0 %, 42, 6.21 W
2026/05/11 21:09:25.276, 146 MiB, 16303 MiB, 0 %, 42, 6.24 W
2026/05/11 21:09:30.277, 146 MiB, 16303 MiB, 0 %, 42, 6.23 W
2026/05/11 21:09:35.278, 146 MiB, 16303 MiB, 0 %, 42, 6.24 W
2026/05/11 21:09:40.278, 146 MiB, 16303 MiB, 0 %, 42, 6.26 W
2026/05/11 21:09:45.280, 146 MiB, 16303 MiB, 0 %, 42, 6.27 W
2026/05/11 21:09:50.281, 146 MiB, 16303 MiB, 0 %, 42, 6.26 W
2026/05/11 21:09:55.282, 146 MiB, 16303 MiB, 0 %, 42, 6.19 W
2026/05/11 21:10:00.282, 146 MiB, 16303 MiB, 0 %, 42, 6.26 W
2026/05/11 21:10:05.283, 146 MiB, 16303 MiB, 0 %, 42, 6.26 W
2026/05/11 21:10:10.285, 146 MiB, 16303 MiB, 0 %, 41, 6.24 W
2026/05/11 21:10:15.286, 146 MiB, 16303 MiB, 0 %, 41, 6.19 W
2026/05/11 21:10:20.287, 146 MiB, 16303 MiB, 0 %, 41, 6.24 W
2026/05/11 21:10:25.287, 146 MiB, 16303 MiB, 0 %, 41, 6.24 W
2026/05/11 21:10:30.289, 146 MiB, 16303 MiB, 0 %, 41, 6.24 W
2026/05/11 21:10:35.291, 146 MiB, 16303 MiB, 0 %, 41, 6.26 W
2026/05/11 21:10:40.292, 146 MiB, 16303 MiB, 0 %, 41, 6.20 W
2026/05/11 21:10:45.293, 146 MiB, 16303 MiB, 0 %, 41, 6.25 W
2026/05/11 21:10:50.295, 146 MiB, 16303 MiB, 0 %, 41, 6.24 W
2026/05/11 21:10:55.296, 146 MiB, 16303 MiB, 0 %, 41, 6.24 W
2026/05/11 21:11:00.297, 146 MiB, 16303 MiB, 0 %, 41, 6.21 W
2026/05/11 21:11:05.298, 146 MiB, 16303 MiB, 0 %, 41, 6.22 W
2026/05/11 21:11:10.299, 146 MiB, 16303 MiB, 0 %, 41, 6.25 W
2026/05/11 21:11:15.299, 146 MiB, 16303 MiB, 0 %, 41, 6.24 W
2026/05/11 21:11:20.300, 146 MiB, 16303 MiB, 0 %, 41, 6.22 W
2026/05/11 21:11:25.301, 146 MiB, 16303 MiB, 0 %, 41, 6.20 W
2026/05/11 21:11:30.301, 146 MiB, 16303 MiB, 0 %, 41, 6.24 W
2026/05/11 21:11:35.302, 146 MiB, 16303 MiB, 0 %, 41, 6.24 W
2026/05/11 21:11:40.303, 146 MiB, 16303 MiB, 0 %, 41, 6.21 W
2026/05/11 21:11:45.304, 146 MiB, 16303 MiB, 0 %, 41, 6.21 W
2026/05/11 21:11:50.305, 146 MiB, 16303 MiB, 0 %, 41, 6.26 W
2026/05/11 21:11:55.306, 146 MiB, 16303 MiB, 0 %, 41, 6.24 W
2026/05/11 21:12:00.307, 146 MiB, 16303 MiB, 0 %, 41, 6.23 W
2026/05/11 21:12:05.307, 146 MiB, 16303 MiB, 0 %, 41, 6.21 W
2026/05/11 21:12:10.308, 146 MiB, 16303 MiB, 0 %, 41, 6.22 W
2026/05/11 21:12:15.309, 146 MiB, 16303 MiB, 0 %, 41, 6.23 W
2026/05/11 21:12:20.309, 146 MiB, 16303 MiB, 0 %, 41, 6.24 W
2026/05/11 21:12:25.310, 146 MiB, 16303 MiB, 0 %, 41, 6.15 W
2026/05/11 21:12:30.311, 146 MiB, 16303 MiB, 0 %, 41, 6.23 W
2026/05/11 21:12:35.312, 146 MiB, 16303 MiB, 0 %, 41, 6.21 W
2026/05/11 21:12:40.314, 146 MiB, 16303 MiB, 0 %, 41, 6.25 W
2026/05/11 21:12:45.315, 146 MiB, 16303 MiB, 0 %, 41, 6.23 W
2026/05/11 21:12:50.316, 146 MiB, 16303 MiB, 0 %, 41, 6.21 W
2026/05/11 21:12:55.316, 146 MiB, 16303 MiB, 0 %, 41, 6.20 W
2026/05/11 21:13:00.317, 146 MiB, 16303 MiB, 0 %, 41, 6.21 W
2026/05/11 21:13:05.319, 146 MiB, 16303 MiB, 0 %, 41, 6.23 W
2026/05/11 21:13:10.321, 146 MiB, 16303 MiB, 0 %, 41, 6.16 W
2026/05/11 21:13:15.322, 146 MiB, 16303 MiB, 0 %, 41, 6.20 W
2026/05/11 21:13:20.322, 146 MiB, 16303 MiB, 0 %, 41, 6.23 W
2026/05/11 21:13:25.323, 146 MiB, 16303 MiB, 0 %, 41, 6.25 W
2026/05/11 21:13:30.324, 146 MiB, 16303 MiB, 0 %, 41, 6.24 W
2026/05/11 21:13:35.325, 146 MiB, 16303 MiB, 0 %, 41, 6.22 W
2026/05/11 21:13:40.330, 146 MiB, 16303 MiB, 0 %, 41, 6.20 W
2026/05/11 21:13:45.330, 146 MiB, 16303 MiB, 0 %, 42, 20.95 W
2026/05/11 21:13:50.332, 146 MiB, 16303 MiB, 0 %, 42, 8.48 W
2026/05/11 21:13:55.333, 146 MiB, 16303 MiB, 9 %, 42, 8.73 W
2026/05/11 21:14:00.333, 146 MiB, 16303 MiB, 0 %, 42, 6.25 W
2026/05/11 21:14:05.335, 146 MiB, 16303 MiB, 9 %, 42, 8.73 W
2026/05/11 21:14:10.336, 146 MiB, 16303 MiB, 2 %, 42, 8.52 W
2026/05/11 21:14:15.336, 146 MiB, 16303 MiB, 9 %, 42, 8.99 W
2026/05/11 21:14:20.337, 146 MiB, 16303 MiB, 9 %, 42, 8.57 W
2026/05/11 21:14:25.338, 146 MiB, 16303 MiB, 37 %, 43, 27.96 W
2026/05/11 21:14:30.338, 146 MiB, 16303 MiB, 64 %, 43, 23.10 W
2026/05/11 21:14:35.339, 146 MiB, 16303 MiB, 0 %, 44, 6.11 W
2026/05/11 21:14:40.339, 146 MiB, 16303 MiB, 0 %, 44, 6.14 W
2026/05/11 21:14:45.340, 146 MiB, 16303 MiB, 0 %, 44, 6.19 W
2026/05/11 21:14:50.340, 146 MiB, 16303 MiB, 0 %, 45, 6.28 W
2026/05/11 21:14:55.341, 146 MiB, 16303 MiB, 0 %, 45, 6.21 W
2026/05/11 21:15:00.341, 146 MiB, 16303 MiB, 0 %, 45, 6.27 W
2026/05/11 21:15:05.342, 146 MiB, 16303 MiB, 0 %, 45, 6.30 W
2026/05/11 21:15:10.342, 146 MiB, 16303 MiB, 0 %, 46, 6.31 W
2026/05/11 21:15:15.352, 146 MiB, 16303 MiB, 0 %, 46, 6.33 W
2026/05/11 21:15:20.361, 146 MiB, 16303 MiB, 0 %, 46, 6.28 W
2026/05/11 21:15:25.361, 146 MiB, 16303 MiB, 0 %, 46, 6.34 W
2026/05/11 21:15:30.362, 146 MiB, 16303 MiB, 0 %, 46, 6.40 W
2026/05/11 21:15:35.362, 146 MiB, 16303 MiB, 0 %, 47, 6.38 W
2026/05/11 21:15:40.363, 146 MiB, 16303 MiB, 0 %, 47, 6.55 W
2026/05/11 21:15:45.363, 146 MiB, 16303 MiB, 0 %, 47, 6.41 W
2026/05/11 21:15:50.364, 146 MiB, 16303 MiB, 0 %, 48, 27.21 W
2026/05/11 21:15:55.373, 146 MiB, 16303 MiB, 0 %, 47, 7.75 W
2026/05/11 21:16:00.374, 146 MiB, 16303 MiB, 9 %, 47, 9.13 W
2026/05/11 21:16:05.374, 146 MiB, 16303 MiB, 0 %, 47, 9.27 W
2026/05/11 21:16:10.375, 146 MiB, 16303 MiB, 68 %, 48, 25.58 W
2026/05/11 21:16:15.375, 146 MiB, 16303 MiB, 63 %, 48, 26.42 W
2026/05/11 21:16:20.376, 146 MiB, 16303 MiB, 0 %, 47, 8.20 W
2026/05/11 21:16:25.377, 146 MiB, 16303 MiB, 0 %, 46, 6.71 W
2026/05/11 21:16:30.387, 146 MiB, 16303 MiB, 0 %, 46, 6.68 W
2026/05/11 21:16:35.397, 146 MiB, 16303 MiB, 0 %, 45, 6.54 W
2026/05/11 21:16:40.398, 146 MiB, 16303 MiB, 0 %, 45, 8.59 W
2026/05/11 21:16:45.399, 146 MiB, 16303 MiB, 0 %, 45, 8.66 W
2026/05/11 21:16:50.401, 146 MiB, 16303 MiB, 89 %, 45, 27.52 W
2026/05/11 21:16:55.402, 146 MiB, 16303 MiB, 5 %, 45, 23.08 W
2026/05/11 21:17:00.403, 146 MiB, 16303 MiB, 10 %, 45, 8.98 W
2026/05/11 21:17:05.404, 146 MiB, 16303 MiB, 0 %, 46, 23.08 W
2026/05/11 21:17:10.405, 146 MiB, 16303 MiB, 0 %, 45, 8.53 W
2026/05/11 21:17:15.406, 146 MiB, 16303 MiB, 26 %, 45, 8.88 W
2026/05/11 21:17:20.407, 146 MiB, 16303 MiB, 20 %, 45, 26.07 W
2026/05/11 21:17:25.407, 146 MiB, 16303 MiB, 0 %, 46, 14.41 W
2026/05/11 21:17:30.408, 146 MiB, 16303 MiB, 0 %, 46, 6.27 W
2026/05/11 21:17:35.408, 146 MiB, 16303 MiB, 0 %, 46, 6.31 W
2026/05/11 21:17:40.409, 146 MiB, 16303 MiB, 0 %, 47, 17.55 W
2026/05/11 21:17:45.409, 146 MiB, 16303 MiB, 10 %, 47, 21.76 W
2026/05/11 21:17:50.410, 146 MiB, 16303 MiB, 0 %, 47, 22.31 W
2026/05/11 21:17:55.411, 146 MiB, 16303 MiB, 9 %, 47, 31.69 W
2026/05/11 21:18:00.412, 146 MiB, 16303 MiB, 9 %, 46, 9.19 W
2026/05/11 21:18:05.413, 146 MiB, 16303 MiB, 0 %, 46, 8.60 W
2026/05/11 21:18:10.414, 146 MiB, 16303 MiB, 0 %, 46, 21.29 W
2026/05/11 21:18:15.415, 146 MiB, 16303 MiB, 9 %, 46, 9.18 W
2026/05/11 21:18:20.416, 146 MiB, 16303 MiB, 62 %, 47, 24.10 W
2026/05/11 21:18:25.416, 146 MiB, 16303 MiB, 57 %, 46, 19.39 W
2026/05/11 21:18:30.417, 146 MiB, 16303 MiB, 0 %, 46, 6.35 W
2026/05/11 21:18:35.417, 146 MiB, 16303 MiB, 0 %, 47, 6.38 W
2026/05/11 21:18:40.418, 146 MiB, 16303 MiB, 69 %, 47, 18.91 W
2026/05/11 21:18:45.418, 146 MiB, 16303 MiB, 73 %, 48, 26.40 W
2026/05/11 21:18:50.419, 146 MiB, 16303 MiB, 0 %, 47, 28.15 W
2026/05/11 21:18:55.420, 146 MiB, 16303 MiB, 0 %, 47, 17.41 W
2026/05/11 21:19:00.422, 146 MiB, 16303 MiB, 9 %, 46, 9.50 W
2026/05/11 21:19:05.422, 146 MiB, 16303 MiB, 10 %, 46, 9.39 W
2026/05/11 21:19:10.423, 146 MiB, 16303 MiB, 0 %, 46, 8.73 W
2026/05/11 21:19:15.424, 146 MiB, 16303 MiB, 0 %, 45, 6.73 W
2026/05/11 21:19:20.425, 146 MiB, 16303 MiB, 76 %, 46, 25.27 W
2026/05/11 21:19:25.426, 146 MiB, 16303 MiB, 0 %, 45, 8.51 W
2026/05/11 21:19:30.426, 146 MiB, 16303 MiB, 1 %, 45, 9.28 W
2026/05/11 21:19:35.427, 146 MiB, 16303 MiB, 0 %, 45, 8.63 W
2026/05/11 21:19:40.428, 146 MiB, 16303 MiB, 9 %, 45, 9.03 W
2026/05/11 21:19:45.428, 146 MiB, 16303 MiB, 9 %, 44, 8.91 W
2026/05/11 21:19:50.429, 146 MiB, 16303 MiB, 0 %, 44, 9.19 W
2026/05/11 21:19:55.430, 146 MiB, 16303 MiB, 0 %, 44, 9.19 W
2026/05/11 21:20:00.431, 146 MiB, 16303 MiB, 0 %, 44, 8.40 W
2026/05/11 21:20:05.432, 146 MiB, 16303 MiB, 0 %, 44, 6.89 W
2026/05/11 21:20:10.433, 146 MiB, 16303 MiB, 0 %, 44, 8.26 W
2026/05/11 21:20:15.433, 146 MiB, 16303 MiB, 0 %, 44, 8.03 W
2026/05/11 21:20:20.434, 146 MiB, 16303 MiB, 0 %, 43, 7.98 W
2026/05/11 21:20:25.435, 146 MiB, 16303 MiB, 0 %, 43, 6.39 W
2026/05/11 21:20:30.436, 146 MiB, 16303 MiB, 32 %, 44, 26.54 W
2026/05/11 21:20:35.437, 146 MiB, 16303 MiB, 0 %, 43, 17.92 W
2026/05/11 21:20:40.446, 146 MiB, 16303 MiB, 0 %, 43, 6.27 W
2026/05/11 21:20:45.447, 146 MiB, 16303 MiB, 0 %, 44, 23.96 W
2026/05/11 21:20:50.448, 146 MiB, 16303 MiB, 69 %, 44, 28.30 W
2026/05/11 21:20:55.448, 146 MiB, 16303 MiB, 0 %, 44, 16.83 W
2026/05/11 21:21:00.449, 146 MiB, 16303 MiB, 0 %, 43, 6.25 W
2026/05/11 21:21:05.451, 146 MiB, 16303 MiB, 14 %, 44, 23.94 W
2026/05/11 21:21:10.451, 146 MiB, 16303 MiB, 0 %, 43, 6.27 W
2026/05/11 21:21:15.452, 146 MiB, 16303 MiB, 0 %, 43, 6.24 W
2026/05/11 21:21:20.452, 146 MiB, 16303 MiB, 28 %, 44, 20.43 W
2026/05/11 21:21:25.453, 146 MiB, 16303 MiB, 0 %, 43, 6.26 W
2026/05/11 21:21:30.454, 146 MiB, 16303 MiB, 4 %, 43, 8.85 W
2026/05/11 21:21:35.455, 146 MiB, 16303 MiB, 41 %, 44, 29.04 W
2026/05/11 21:21:40.456, 146 MiB, 16303 MiB, 12 %, 44, 27.61 W
2026/05/11 21:21:45.456, 146 MiB, 16303 MiB, 1 %, 43, 9.07 W
2026/05/11 21:21:50.466, 146 MiB, 16303 MiB, 0 %, 43, 23.96 W
2026/05/11 21:21:55.466, 146 MiB, 16303 MiB, 0 %, 43, 6.33 W
2026/05/11 21:22:00.467, 146 MiB, 16303 MiB, 0 %, 43, 6.38 W
2026/05/11 21:22:05.468, 146 MiB, 16303 MiB, 9 %, 43, 8.93 W
2026/05/11 21:22:10.468, 146 MiB, 16303 MiB, 15 %, 43, 26.27 W
2026/05/11 21:22:15.469, 146 MiB, 16303 MiB, 5 %, 43, 22.48 W
2026/05/11 21:22:20.470, 146 MiB, 16303 MiB, 24 %, 44, 23.97 W
2026/05/11 21:22:25.470, 146 MiB, 16303 MiB, 0 %, 43, 6.16 W
2026/05/11 21:22:30.471, 146 MiB, 16303 MiB, 0 %, 43, 6.17 W
2026/05/11 21:22:35.472, 146 MiB, 16303 MiB, 0 %, 43, 6.19 W
2026/05/11 21:22:40.473, 146 MiB, 16303 MiB, 0 %, 43, 6.25 W
2026/05/11 21:22:45.474, 146 MiB, 16303 MiB, 0 %, 43, 6.17 W
2026/05/11 21:22:50.474, 146 MiB, 16303 MiB, 1 %, 43, 22.48 W
2026/05/11 21:22:55.476, 146 MiB, 16303 MiB, 13 %, 44, 24.82 W
2026/05/11 21:23:00.477, 146 MiB, 16303 MiB, 76 %, 45, 29.20 W
2026/05/11 21:23:05.478, 146 MiB, 16303 MiB, 10 %, 44, 21.64 W
2026/05/11 21:23:10.479, 146 MiB, 16303 MiB, 10 %, 44, 22.82 W
2026/05/11 21:23:15.480, 146 MiB, 16303 MiB, 48 %, 45, 27.53 W
2026/05/11 21:23:20.480, 146 MiB, 16303 MiB, 32 %, 46, 27.86 W
2026/05/11 21:23:25.480, 146 MiB, 16303 MiB, 14 %, 45, 21.93 W
2026/05/11 21:23:30.481, 146 MiB, 16303 MiB, 19 %, 45, 24.80 W
2026/05/11 21:23:35.484, 146 MiB, 16303 MiB, 28 %, 46, 27.97 W
2026/05/11 21:23:40.484, 146 MiB, 16303 MiB, 11 %, 46, 23.58 W
2026/05/11 21:23:45.485, 146 MiB, 16303 MiB, 23 %, 46, 25.74 W
2026/05/11 21:23:50.486, 146 MiB, 16303 MiB, 10 %, 46, 19.34 W
2026/05/11 21:23:55.487, 146 MiB, 16303 MiB, 10 %, 46, 10.62 W
2026/05/11 21:24:00.487, 146 MiB, 16303 MiB, 10 %, 46, 23.36 W
2026/05/11 21:24:05.488, 146 MiB, 16303 MiB, 12 %, 46, 23.17 W
2026/05/11 21:24:10.489, 146 MiB, 16303 MiB, 0 %, 46, 6.56 W
2026/05/11 21:24:15.490, 146 MiB, 16303 MiB, 0 %, 46, 6.39 W
2026/05/11 21:24:20.490, 146 MiB, 16303 MiB, 0 %, 45, 6.37 W
2026/05/11 21:24:25.491, 146 MiB, 16303 MiB, 0 %, 45, 6.36 W
2026/05/11 21:24:30.492, 146 MiB, 16303 MiB, 0 %, 45, 6.46 W
2026/05/11 21:24:35.493, 146 MiB, 16303 MiB, 0 %, 45, 6.40 W
2026/05/11 21:24:40.494, 146 MiB, 16303 MiB, 0 %, 45, 6.41 W
2026/05/11 21:24:45.495, 146 MiB, 16303 MiB, 0 %, 44, 6.31 W
2026/05/11 21:24:50.495, 146 MiB, 16303 MiB, 0 %, 44, 6.31 W
2026/05/11 21:24:55.497, 146 MiB, 16303 MiB, 0 %, 44, 6.30 W
2026/05/11 21:25:00.497, 146 MiB, 16303 MiB, 0 %, 44, 6.27 W
2026/05/11 21:25:05.507, 146 MiB, 16303 MiB, 0 %, 44, 6.29 W
2026/05/11 21:25:10.510, 146 MiB, 16303 MiB, 0 %, 44, 6.16 W
2026/05/11 21:25:15.511, 146 MiB, 16303 MiB, 0 %, 43, 6.24 W
2026/05/11 21:25:20.512, 146 MiB, 16303 MiB, 0 %, 43, 6.23 W
2026/05/11 21:25:25.513, 146 MiB, 16303 MiB, 0 %, 43, 6.23 W
2026/05/11 21:25:30.513, 146 MiB, 16303 MiB, 48 %, 43, 18.46 W
2026/05/11 21:25:35.514, 146 MiB, 16303 MiB, 0 %, 44, 22.70 W
2026/05/11 21:25:40.515, 146 MiB, 16303 MiB, 0 %, 44, 22.64 W
2026/05/11 21:25:45.516, 146 MiB, 16303 MiB, 0 %, 43, 6.24 W
2026/05/11 21:25:50.517, 146 MiB, 16303 MiB, 0 %, 43, 6.20 W
2026/05/11 21:25:55.518, 146 MiB, 16303 MiB, 7 %, 43, 24.97 W
2026/05/11 21:26:00.519, 146 MiB, 16303 MiB, 0 %, 43, 7.36 W
2026/05/11 21:26:05.521, 146 MiB, 16303 MiB, 50 %, 43, 19.49 W
2026/05/11 21:26:10.523, 146 MiB, 16303 MiB, 0 %, 43, 22.39 W
2026/05/11 21:26:15.524, 146 MiB, 16303 MiB, 0 %, 43, 6.21 W
2026/05/11 21:26:20.525, 146 MiB, 16303 MiB, 0 %, 43, 6.20 W
2026/05/11 21:26:25.527, 146 MiB, 16303 MiB, 0 %, 42, 6.16 W
2026/05/11 21:26:30.527, 146 MiB, 16303 MiB, 0 %, 42, 6.21 W
2026/05/11 21:26:35.529, 146 MiB, 16303 MiB, 0 %, 42, 6.13 W
2026/05/11 21:26:40.530, 146 MiB, 16303 MiB, 0 %, 42, 6.12 W
2026/05/11 21:26:45.530, 146 MiB, 16303 MiB, 0 %, 42, 6.10 W
2026/05/11 21:26:50.530, 146 MiB, 16303 MiB, 0 %, 42, 6.09 W
2026/05/11 21:26:55.531, 146 MiB, 16303 MiB, 0 %, 41, 6.07 W
2026/05/11 21:27:00.532, 146 MiB, 16303 MiB, 0 %, 41, 6.07 W
2026/05/11 21:27:05.532, 146 MiB, 16303 MiB, 9 %, 41, 8.97 W
2026/05/11 21:27:10.533, 146 MiB, 16303 MiB, 0 %, 41, 6.36 W
2026/05/11 21:27:15.533, 146 MiB, 16303 MiB, 0 %, 41, 6.19 W
2026/05/11 21:27:20.534, 146 MiB, 16303 MiB, 0 %, 41, 6.19 W
2026/05/11 21:27:25.535, 146 MiB, 16303 MiB, 0 %, 41, 6.20 W
2026/05/11 21:27:30.536, 146 MiB, 16303 MiB, 0 %, 41, 6.19 W
2026/05/11 21:27:35.537, 146 MiB, 16303 MiB, 0 %, 41, 6.19 W
2026/05/11 21:27:40.538, 146 MiB, 16303 MiB, 9 %, 41, 8.82 W
2026/05/11 21:27:45.539, 146 MiB, 16303 MiB, 0 %, 41, 8.45 W
2026/05/11 21:27:50.540, 146 MiB, 16303 MiB, 9 %, 41, 8.62 W
2026/05/11 21:27:55.541, 146 MiB, 16303 MiB, 0 %, 40, 8.19 W
2026/05/11 21:28:00.541, 146 MiB, 16303 MiB, 9 %, 41, 8.91 W
2026/05/11 21:28:05.542, 146 MiB, 16303 MiB, 9 %, 41, 8.73 W
2026/05/11 21:28:10.551, 146 MiB, 16303 MiB, 0 %, 40, 8.38 W
2026/05/11 21:28:15.552, 146 MiB, 16303 MiB, 0 %, 40, 6.18 W
2026/05/11 21:28:20.553, 146 MiB, 16303 MiB, 0 %, 40, 6.06 W
2026/05/11 21:28:25.554, 146 MiB, 16303 MiB, 0 %, 40, 8.38 W
2026/05/11 21:28:30.555, 146 MiB, 16303 MiB, 10 %, 40, 8.89 W
2026/05/11 21:28:35.555, 146 MiB, 16303 MiB, 10 %, 40, 8.40 W
2026/05/11 21:28:40.556, 146 MiB, 16303 MiB, 10 %, 41, 21.39 W
2026/05/11 21:28:45.557, 146 MiB, 16303 MiB, 0 %, 41, 8.11 W
2026/05/11 21:28:50.558, 146 MiB, 16303 MiB, 10 %, 41, 8.48 W
2026/05/11 21:28:55.559, 146 MiB, 16303 MiB, 31 %, 41, 24.66 W
2026/05/11 21:29:00.559, 146 MiB, 16303 MiB, 33 %, 42, 25.75 W
2026/05/11 21:29:05.560, 146 MiB, 16303 MiB, 9 %, 41, 15.88 W
2026/05/11 21:29:10.561, 146 MiB, 16303 MiB, 9 %, 41, 18.15 W
2026/05/11 21:29:15.561, 146 MiB, 16303 MiB, 14 %, 42, 22.44 W
2026/05/11 21:29:20.562, 146 MiB, 16303 MiB, 0 %, 42, 8.05 W
2026/05/11 21:29:25.562, 146 MiB, 16303 MiB, 76 %, 42, 25.21 W
2026/05/11 21:29:30.563, 146 MiB, 16303 MiB, 14 %, 42, 21.89 W
2026/05/11 21:29:35.563, 146 MiB, 16303 MiB, 0 %, 42, 8.23 W
2026/05/11 21:29:40.564, 146 MiB, 16303 MiB, 9 %, 42, 8.31 W
2026/05/11 21:29:45.565, 146 MiB, 16303 MiB, 10 %, 42, 21.91 W
